heliostat_id,x_m,y_m,tower_shadow_equivalent_states,affected_state_count
1,107.25,11.664,0.0,0
2,105.36,23.191,0.0,0
3,102.235,34.447,0.0,0
4,97.911,45.299,0.0,0
5,92.44,55.619,0.5765380859375,2
6,85.884,65.288,0.2139892578125,2
7,78.322,74.191,0.8538818359375,4
8,69.841,82.224,0.5693359375,2
9,60.542,89.293,0.0,0
10,50.533,95.315,0.000732421875,1
11,39.931,100.22,1.716064453125,3
12,28.862,103.95,0.0,0
13,17.453,106.461,0.0,0
14,5.841,107.724,0.3310546875,3
15,-5.841,107.724,0.329345703125,3
16,-17.453,106.461,0.0,0
17,-28.862,103.95,0.0,0
18,-39.931,100.22,1.71826171875,3
19,-50.533,95.315,0.0006103515625,1
20,-60.542,89.293,0.0,0
21,-69.841,82.224,0.5667724609375,2
22,-78.322,74.191,0.85546875,4
23,-85.884,65.288,0.2149658203125,2
24,-92.44,55.619,0.57373046875,2
25,-97.911,45.299,0.0,0
26,-102.235,34.447,0.0,0
27,-105.36,23.191,0.0,0
28,-107.25,11.664,0.0,0
29,-107.882,0.0,0.0,0
30,-107.25,-11.664,0.0,0
31,-105.36,-23.191,0.0,0
32,-102.235,-34.447,0.0,0
33,-97.911,-45.299,0.0,0
34,-92.44,-55.619,0.0,0
35,-85.884,-65.288,0.0,0
36,-78.322,-74.191,0.0,0
37,-69.841,-82.224,0.0,0
38,-60.542,-89.293,0.0,0
39,-50.533,-95.315,0.0,0
40,-39.931,-100.22,0.0,0
41,-28.862,-103.95,0.0,0
42,-17.453,-106.461,0.0,0
43,-5.841,-107.724,0.0,0
44,5.841,-107.724,0.0,0
45,17.453,-106.461,0.0,0
46,28.862,-103.95,0.0,0
47,39.931,-100.22,0.0,0
48,50.533,-95.315,0.0,0
49,60.542,-89.293,0.0,0
50,69.841,-82.224,0.0,0
51,78.322,-74.191,0.0,0
52,85.884,-65.288,0.0,0
53,92.44,-55.619,0.0,0
54,97.911,-45.299,0.0,0
55,102.235,-34.447,0.0,0
56,105.36,-23.191,0.0,0
57,107.25,-11.664,0.0,0
58,107.882,0.0,0.0,0
59,121.217,6.05,0.0,0
60,120.012,18.089,0.0,0
61,117.615,29.948,0.0,0
62,114.048,41.51,0.0,0
63,109.348,52.659,0.0,0
64,103.562,63.285,0.0,0
65,96.746,73.282,0.0675048828125,1
66,88.969,82.551,0.5076904296875,3
67,80.307,90.999,1.210693359375,3
68,70.848,98.543,0.0,0
69,60.684,105.107,0.0,0
70,49.917,110.627,2.2574462890625,3
71,38.654,115.048,0.0,0
72,27.007,118.325,0.0,0
73,15.091,120.426,0.0,0
74,3.026,121.33,0.867919921875,3
75,-9.07,121.028,0.0,0
76,-21.075,119.524,0.0,0
77,-32.871,116.831,0.0,0
78,-44.341,112.978,1.212890625,3
79,-55.369,108.002,0.001708984375,1
80,-65.848,101.952,0.0,0
81,-75.671,94.889,0.0,0
82,-84.743,86.883,2.1988525390625,3
83,-92.973,78.014,1.791259765625,2
84,-100.279,68.369,0.0,0
85,-106.588,58.045,0.0,0
86,-111.837,47.143,0.0,0
87,-115.976,35.774,0.0,0
88,-118.961,24.049,0.0,0
89,-120.764,12.084,0.0,0
90,-121.368,0.0,0.0,0
91,-120.764,-12.084,0.0,0
92,-118.961,-24.049,0.0,0
93,-115.976,-35.774,0.0,0
94,-111.837,-47.143,0.0,0
95,-106.588,-58.045,0.0,0
96,-100.279,-68.369,0.0,0
97,-92.973,-78.014,0.0,0
98,-84.743,-86.883,0.0,0
99,-75.671,-94.889,0.0,0
100,-65.848,-101.952,0.0,0
101,-55.369,-108.002,0.0,0
102,-44.341,-112.978,0.0,0
103,-32.871,-116.831,0.0,0
104,-21.075,-119.524,0.0,0
105,-9.07,-121.028,0.0,0
106,3.026,-121.33,0.0,0
107,15.091,-120.426,0.0,0
108,27.007,-118.325,0.0,0
109,38.654,-115.048,0.0,0
110,49.917,-110.627,0.0,0
111,60.684,-105.107,0.0,0
112,70.848,-98.543,0.0,0
113,80.307,-90.999,0.0,0
114,88.969,-82.551,0.0,0
115,96.746,-73.282,0.0,0
116,103.562,-63.285,0.0,0
117,109.348,-52.659,0.0,0
118,114.048,-41.51,0.0,0
119,117.615,-29.948,0.0,0
120,120.012,-18.089,0.0,0
121,121.217,-6.05,0.0,0
122,134.294,12.263,0.0,0
123,132.623,24.424,0.0,0
124,129.852,36.383,0.0,0
125,126.006,48.04,0.0,0
126,121.115,59.299,0.0,0
127,115.221,70.067,0.0,0
128,108.372,80.255,0.0,0
129,100.625,89.777,1.1387939453125,2
130,92.044,98.555,2.10400390625,3
131,82.701,106.517,0.0,0
132,72.672,113.596,0.0,0
133,62.041,119.734,0.0,0
134,50.896,124.879,1.552001953125,3
135,39.329,128.99,0.0,0
136,27.437,132.032,0.0,0
137,15.317,133.98,0.0,0
138,3.07,134.818,0.3092041015625,1
139,-9.203,134.538,0.0,0
140,-21.399,133.144,0.0,0
141,-33.418,130.647,0.0,0
142,-45.159,127.067,0.00048828125,1
143,-56.527,122.434,1.103271484375,3
144,-67.426,116.786,0.0,0
145,-77.767,110.171,0.0,0
146,-87.463,102.643,0.4510498046875,1
147,-96.435,94.264,0.873291015625,2
148,-104.607,85.104,1.1500244140625,2
149,-111.912,75.239,0.0,0
150,-118.291,64.751,0.0,0
151,-123.689,53.726,0.0,0
152,-128.062,42.255,0.0,0
153,-131.373,30.435,0.0,0
154,-133.597,18.362,0.0,0
155,-134.713,6.138,0.0,0
156,-134.713,-6.138,0.0,0
157,-133.597,-18.362,0.0,0
158,-131.373,-30.435,0.0,0
159,-128.062,-42.255,0.0,0
160,-123.689,-53.726,0.0,0
161,-118.291,-64.751,0.0,0
162,-111.912,-75.239,0.0,0
163,-104.607,-85.104,0.0,0
164,-96.435,-94.264,0.0,0
165,-87.463,-102.643,0.0,0
166,-77.767,-110.171,0.0,0
167,-67.426,-116.786,0.0,0
168,-56.527,-122.434,0.0,0
169,-45.159,-127.067,0.0,0
170,-33.418,-130.647,0.0,0
171,-21.399,-133.144,0.0,0
172,-9.203,-134.538,0.0,0
173,3.07,-134.818,0.0,0
174,15.317,-133.98,0.0,0
175,27.437,-132.032,0.0,0
176,39.329,-128.99,0.0,0
177,50.896,-124.879,0.0,0
178,62.041,-119.734,0.0,0
179,72.672,-113.596,0.0,0
180,82.701,-106.517,0.0,0
181,92.044,-98.555,0.0,0
182,100.625,-89.777,0.0,0
183,108.372,-80.255,0.0,0
184,115.221,-70.067,0.0,0
185,121.115,-59.299,0.0,0
186,126.006,-48.04,0.0,0
187,129.852,-36.383,0.0,0
188,132.623,-24.424,0.0,0
189,134.294,-12.263,0.0,0
190,134.853,0.0,0.0,0
191,148.218,5.973,0.0,0
192,147.257,17.88,0.0,0
193,145.34,29.671,0.0,0
194,142.481,41.27,0.0,0
195,138.699,52.601,0.0,0
196,134.016,63.591,0.0,0
197,128.465,74.169,0.0,0
198,122.08,84.266,0.0,0
199,114.903,93.816,0.831298828125,2
200,106.982,102.757,0.3165283203125,2
201,98.366,111.033,0.97802734375,3
202,89.113,118.588,0.0,0
203,79.282,125.374,0.0,0
204,68.936,131.347,0.0,0
205,58.144,136.468,0.8536376953125,1
206,46.974,140.704,0.0,0
207,35.5,144.028,0.0,0
208,23.795,146.417,0.0,0
209,11.936,147.857,0.0,0
210,0.0,148.338,0.0,0
211,-11.936,147.857,0.0,0
212,-23.795,146.417,0.0,0
213,-35.5,144.028,0.0,0
214,-46.974,140.704,0.0,0
215,-58.144,136.468,0.8551025390625,1
216,-68.936,131.347,0.0,0
217,-79.282,125.374,0.0,0
218,-89.113,118.588,0.0,0
219,-98.366,111.033,0.9798583984375,3
220,-106.982,102.757,0.3125,2
221,-114.903,93.816,0.8355712890625,2
222,-122.08,84.266,0.0,0
223,-128.465,74.169,0.0,0
224,-134.016,63.591,0.0,0
225,-138.699,52.601,0.0,0
226,-142.481,41.27,0.0,0
227,-145.34,29.671,0.0,0
228,-147.257,17.88,0.0,0
229,-148.218,5.973,0.0,0
230,-148.218,-5.973,0.0,0
231,-147.257,-17.88,0.0,0
232,-145.34,-29.671,0.0,0
233,-142.481,-41.27,0.0,0
234,-138.699,-52.601,0.0,0
235,-134.016,-63.591,0.0,0
236,-128.465,-74.169,0.0,0
237,-122.08,-84.266,0.0,0
238,-114.903,-93.816,0.0,0
239,-106.982,-102.757,0.0,0
240,-98.366,-111.033,0.0,0
241,-89.113,-118.588,0.0,0
242,-79.282,-125.374,0.0,0
243,-68.936,-131.347,0.0,0
244,-58.144,-136.468,0.0,0
245,-46.974,-140.704,0.0,0
246,-35.5,-144.028,0.0,0
247,-23.795,-146.417,0.0,0
248,-11.936,-147.857,0.0,0
249,0.0,-148.338,0.0,0
250,11.936,-147.857,0.0,0
251,23.795,-146.417,0.0,0
252,35.5,-144.028,0.0,0
253,46.974,-140.704,0.0,0
254,58.144,-136.468,0.0,0
255,68.936,-131.347,0.0,0
256,79.282,-125.374,0.0,0
257,89.113,-118.588,0.0,0
258,98.366,-111.033,0.0,0
259,106.982,-102.757,0.0,0
260,114.903,-93.816,0.0,0
261,122.08,-84.266,0.0,0
262,128.465,-74.169,0.0,0
263,134.016,-63.591,0.0,0
264,138.699,-52.601,0.0,0
265,142.481,-41.27,0.0,0
266,145.34,-29.671,0.0,0
267,147.257,-17.88,0.0,0
268,148.218,-5.973,0.0,0
269,161.325,12.697,0.0,0
270,159.831,25.315,0.0,0
271,157.352,37.777,0.0,0
272,153.903,50.006,0.0,0
273,149.505,61.927,0.0,0
274,144.186,73.466,0.0,0
275,137.977,84.552,0.0,0
276,130.918,95.117,0.0,0
277,123.051,105.096,0.1483154296875,1
278,114.426,114.426,1.2314453125,2
279,105.096,123.051,0.3526611328125,1
280,95.117,130.918,0.0,0
281,84.552,137.977,0.0,0
282,73.466,144.186,0.0,0
283,61.927,149.505,0.218994140625,1
284,50.006,153.903,0.0,0
285,37.777,157.352,0.0,0
286,25.315,159.831,0.0,0
287,12.697,161.325,0.0,0
288,0.0,161.823,0.0,0
289,-12.697,161.325,0.0,0
290,-25.315,159.831,0.0,0
291,-37.777,157.352,0.0,0
292,-50.006,153.903,0.0,0
293,-61.927,149.505,0.2191162109375,1
294,-73.466,144.186,0.0,0
295,-84.552,137.977,0.0,0
296,-95.117,130.918,0.0,0
297,-105.096,123.051,0.353759765625,1
298,-114.426,114.426,1.228271484375,2
299,-123.051,105.096,0.14697265625,1
300,-130.918,95.117,0.0,0
301,-137.977,84.552,0.0,0
302,-144.186,73.466,0.0,0
303,-149.505,61.927,0.0,0
304,-153.903,50.006,0.0,0
305,-157.352,37.777,0.0,0
306,-159.831,25.315,0.0,0
307,-161.325,12.697,0.0,0
308,-161.823,0.0,0.0,0
309,-161.325,-12.697,0.0,0
310,-159.831,-25.315,0.0,0
311,-157.352,-37.777,0.0,0
312,-153.903,-50.006,0.0,0
313,-149.505,-61.927,0.0,0
314,-144.186,-73.466,0.0,0
315,-137.977,-84.552,0.0,0
316,-130.918,-95.117,0.0,0
317,-123.051,-105.096,0.0,0
318,-114.426,-114.426,0.0,0
319,-105.096,-123.051,0.0,0
320,-95.117,-130.918,0.0,0
321,-84.552,-137.977,0.0,0
322,-73.466,-144.186,0.0,0
323,-61.927,-149.505,0.0,0
324,-50.006,-153.903,0.0,0
325,-37.777,-157.352,0.0,0
326,-25.315,-159.831,0.0,0
327,-12.697,-161.325,0.0,0
328,0.0,-161.823,0.0,0
329,12.697,-161.325,0.0,0
330,25.315,-159.831,0.0,0
331,37.777,-157.352,0.0,0
332,50.006,-153.903,0.0,0
333,61.927,-149.505,0.0,0
334,73.466,-144.186,0.0,0
335,84.552,-137.977,0.0,0
336,95.117,-130.918,0.0,0
337,105.096,-123.051,0.0,0
338,114.426,-114.426,0.0,0
339,123.051,-105.096,0.0,0
340,130.918,-95.117,0.0,0
341,137.977,-84.552,0.0,0
342,144.186,-73.466,0.0,0
343,149.505,-61.927,0.0,0
344,153.903,-50.006,0.0,0
345,157.352,-37.777,0.0,0
346,159.831,-25.315,0.0,0
347,161.325,-12.697,0.0,0
348,161.823,0.0,0.0,0
349,175.186,6.555,0.0,0
350,174.206,19.628,0.0,0
351,172.252,32.592,0.0,0
352,169.335,45.373,0.0,0
353,165.471,57.901,0.0,0
354,160.681,70.105,0.0,0
355,154.993,81.916,0.0,0
356,148.438,93.27,0.0,0
357,141.053,104.102,0.0,0
358,132.879,114.352,0.0,0
359,123.962,123.962,1.1529541015625,2
360,114.352,132.879,0.4036865234375,1
361,104.102,141.053,0.0,0
362,93.27,148.438,0.0,0
363,81.916,154.993,0.0,0
364,70.105,160.681,0.0,0
365,57.901,165.471,0.0,0
366,45.373,169.335,0.0,0
367,32.592,172.252,0.0,0
368,19.628,174.206,0.0,0
369,6.555,175.186,0.0,0
370,-6.555,175.186,0.0,0
371,-19.628,174.206,0.0,0
372,-32.592,172.252,0.0,0
373,-45.373,169.335,0.0,0
374,-57.901,165.471,0.0,0
375,-70.105,160.681,0.0,0
376,-81.916,154.993,0.0,0
377,-93.27,148.438,0.0,0
378,-104.102,141.053,0.0,0
379,-114.352,132.879,0.4029541015625,1
380,-123.962,123.962,1.152587890625,2
381,-132.879,114.352,0.0,0
382,-141.053,104.102,0.0,0
383,-148.438,93.27,0.0,0
384,-154.993,81.916,0.0,0
385,-160.681,70.105,0.0,0
386,-165.471,57.901,0.0,0
387,-169.335,45.373,0.0,0
388,-172.252,32.592,0.0,0
389,-174.206,19.628,0.0,0
390,-175.186,6.555,0.0,0
391,-175.186,-6.555,0.0,0
392,-174.206,-19.628,0.0,0
393,-172.252,-32.592,0.0,0
394,-169.335,-45.373,0.0,0
395,-165.471,-57.901,0.0,0
396,-160.681,-70.105,0.0,0
397,-154.993,-81.916,0.0,0
398,-148.438,-93.27,0.0,0
399,-141.053,-104.102,0.0,0
400,-132.879,-114.352,0.0,0
401,-123.962,-123.962,0.0,0
402,-114.352,-132.879,0.0,0
403,-104.102,-141.053,0.0,0
404,-93.27,-148.438,0.0,0
405,-81.916,-154.993,0.0,0
406,-70.105,-160.681,0.0,0
407,-57.901,-165.471,0.0,0
408,-45.373,-169.335,0.0,0
409,-32.592,-172.252,0.0,0
410,-19.628,-174.206,0.0,0
411,-6.555,-175.186,0.0,0
412,6.555,-175.186,0.0,0
413,19.628,-174.206,0.0,0
414,32.592,-172.252,0.0,0
415,45.373,-169.335,0.0,0
416,57.901,-165.471,0.0,0
417,70.105,-160.681,0.0,0
418,81.916,-154.993,0.0,0
419,93.27,-148.438,0.0,0
420,104.102,-141.053,0.0,0
421,114.352,-132.879,0.0,0
422,123.962,-123.962,0.0,0
423,132.879,-114.352,0.0,0
424,141.053,-104.102,0.0,0
425,148.438,-93.27,0.0,0
426,154.993,-81.916,0.0,0
427,160.681,-70.105,0.0,0
428,165.471,-57.901,0.0,0
429,169.335,-45.373,0.0,0
430,172.252,-32.592,0.0,0
431,174.206,-19.628,0.0,0
432,175.186,-6.555,0.0,0
433,188.39,12.348,0.0,0
434,187.179,24.643,0.0,0
435,185.166,36.832,0.0,0
436,182.361,48.863,0.0,0
437,178.775,60.686,0.0,0
438,174.423,72.248,0.0,0
439,169.324,83.501,0.0,0
440,163.5,94.397,0.0,0
441,156.976,104.888,0.0,0
442,149.78,114.93,0.0,0
443,141.943,124.48,0.0,0
444,133.497,133.497,1.0732421875,2
445,124.48,141.943,0.643798828125,1
446,114.93,149.78,0.0,0
447,104.888,156.976,0.0,0
448,94.397,163.5,0.0,0
449,83.501,169.324,0.0,0
450,72.248,174.423,0.0,0
451,60.686,178.775,0.0,0
452,48.863,182.361,0.0,0
453,36.832,185.166,0.0,0
454,24.643,187.179,0.0,0
455,12.348,188.39,0.0,0
456,0.0,188.794,0.0,0
457,-12.348,188.39,0.0,0
458,-24.643,187.179,0.0,0
459,-36.832,185.166,0.0,0
460,-48.863,182.361,0.0,0
461,-60.686,178.775,0.0,0
462,-72.248,174.423,0.0,0
463,-83.501,169.324,0.0,0
464,-94.397,163.5,0.0,0
465,-104.888,156.976,0.0,0
466,-114.93,149.78,0.0,0
467,-124.48,141.943,0.6439208984375,1
468,-133.497,133.497,1.0721435546875,2
469,-141.943,124.48,0.0,0
470,-149.78,114.93,0.0,0
471,-156.976,104.888,0.0,0
472,-163.5,94.397,0.0,0
473,-169.324,83.501,0.0,0
474,-174.423,72.248,0.0,0
475,-178.775,60.686,0.0,0
476,-182.361,48.863,0.0,0
477,-185.166,36.832,0.0,0
478,-187.179,24.643,0.0,0
479,-188.39,12.348,0.0,0
480,-188.794,0.0,0.0,0
481,-188.39,-12.348,0.0,0
482,-187.179,-24.643,0.0,0
483,-185.166,-36.832,0.0,0
484,-182.361,-48.863,0.0,0
485,-178.775,-60.686,0.0,0
486,-174.423,-72.248,0.0,0
487,-169.324,-83.501,0.0,0
488,-163.5,-94.397,0.0,0
489,-156.976,-104.888,0.0,0
490,-149.78,-114.93,0.0,0
491,-141.943,-124.48,0.0,0
492,-133.497,-133.497,0.0,0
493,-124.48,-141.943,0.0,0
494,-114.93,-149.78,0.0,0
495,-104.888,-156.976,0.0,0
496,-94.397,-163.5,0.0,0
497,-83.501,-169.324,0.0,0
498,-72.248,-174.423,0.0,0
499,-60.686,-178.775,0.0,0
500,-48.863,-182.361,0.0,0
501,-36.832,-185.166,0.0,0
502,-24.643,-187.179,0.0,0
503,-12.348,-188.39,0.0,0
504,0.0,-188.794,0.0,0
505,12.348,-188.39,0.0,0
506,24.643,-187.179,0.0,0
507,36.832,-185.166,0.0,0
508,48.863,-182.361,0.0,0
509,60.686,-178.775,0.0,0
510,72.248,-174.423,0.0,0
511,83.501,-169.324,0.0,0
512,94.397,-163.5,0.0,0
513,104.888,-156.976,0.0,0
514,114.93,-149.78,0.0,0
515,124.48,-141.943,0.0,0
516,133.497,-133.497,0.0,0
517,141.943,-124.48,0.0,0
518,149.78,-114.93,0.0,0
519,156.976,-104.888,0.0,0
520,163.5,-94.397,0.0,0
521,169.324,-83.501,0.0,0
522,174.423,-72.248,0.0,0
523,178.775,-60.686,0.0,0
524,182.361,-48.863,0.0,0
525,185.166,-36.832,0.0,0
526,187.179,-24.643,0.0,0
527,188.39,-12.348,0.0,0
528,188.794,0.0,0.0,0
529,202.179,6.354,0.0,0
530,201.381,19.036,0.0,0
531,199.789,31.643,0.0,0
532,197.408,44.126,0.0,0
533,194.247,56.434,0.0,0
534,190.321,68.52,0.0,0
535,185.643,80.335,0.0,0
536,180.232,91.833,0.0,0
537,174.11,102.969,0.0,0
538,167.301,113.698,0.0,0
539,159.832,123.978,0.0,0
540,151.732,133.77,0.0,0
541,143.033,143.033,0.9981689453125,2
542,133.77,151.732,0.6998291015625,1
543,123.978,159.832,0.0,0
544,113.698,167.301,0.0,0
545,102.969,174.11,0.0,0
546,91.833,180.232,0.0,0
547,80.335,185.643,0.0,0
548,68.52,190.321,0.0,0
549,56.434,194.247,0.0,0
550,44.126,197.408,0.0,0
551,31.643,199.789,0.0,0
552,19.036,201.381,0.0,0
553,6.354,202.179,0.0,0
554,-6.354,202.179,0.0,0
555,-19.036,201.381,0.0,0
556,-31.643,199.789,0.0,0
557,-44.126,197.408,0.0,0
558,-56.434,194.247,0.0,0
559,-68.52,190.321,0.0,0
560,-80.335,185.643,0.0,0
561,-91.833,180.232,0.0,0
562,-102.969,174.11,0.0,0
563,-113.698,167.301,0.0,0
564,-123.978,159.832,0.0,0
565,-133.77,151.732,0.700439453125,1
566,-143.033,143.033,0.993408203125,2
567,-151.732,133.77,0.0,0
568,-159.832,123.978,0.0,0
569,-167.301,113.698,0.0,0
570,-174.11,102.969,0.0,0
571,-180.232,91.833,0.0,0
572,-185.643,80.335,0.0,0
573,-190.321,68.52,0.0,0
574,-194.247,56.434,0.0,0
575,-197.408,44.126,0.0,0
576,-199.789,31.643,0.0,0
577,-201.381,19.036,0.0,0
578,-202.179,6.354,0.0,0
579,-202.179,-6.354,0.0,0
580,-201.381,-19.036,0.0,0
581,-199.789,-31.643,0.0,0
582,-197.408,-44.126,0.0,0
583,-194.247,-56.434,0.0,0
584,-190.321,-68.52,0.0,0
585,-185.643,-80.335,0.0,0
586,-180.232,-91.833,0.0,0
587,-174.11,-102.969,0.0,0
588,-167.301,-113.698,0.0,0
589,-159.832,-123.978,0.0,0
590,-151.732,-133.77,0.0,0
591,-143.033,-143.033,0.0,0
592,-133.77,-151.732,0.0,0
593,-123.978,-159.832,0.0,0
594,-113.698,-167.301,0.0,0
595,-102.969,-174.11,0.0,0
596,-91.833,-180.232,0.0,0
597,-80.335,-185.643,0.0,0
598,-68.52,-190.321,0.0,0
599,-56.434,-194.247,0.0,0
600,-44.126,-197.408,0.0,0
601,-31.643,-199.789,0.0,0
602,-19.036,-201.381,0.0,0
603,-6.354,-202.179,0.0,0
604,6.354,-202.179,0.0,0
605,19.036,-201.381,0.0,0
606,31.643,-199.789,0.0,0
607,44.126,-197.408,0.0,0
608,56.434,-194.247,0.0,0
609,68.52,-190.321,0.0,0
610,80.335,-185.643,0.0,0
611,91.833,-180.232,0.0,0
612,102.969,-174.11,0.0,0
613,113.698,-167.301,0.0,0
614,123.978,-159.832,0.0,0
615,133.77,-151.732,0.0,0
616,143.033,-143.033,0.0,0
617,151.732,-133.77,0.0,0
618,159.832,-123.978,0.0,0
619,167.301,-113.698,0.0,0
620,174.11,-102.969,0.0,0
621,180.232,-91.833,0.0,0
622,185.643,-80.335,0.0,0
623,190.321,-68.52,0.0,0
624,194.247,-56.434,0.0,0
625,197.408,-44.126,0.0,0
626,199.789,-31.643,0.0,0
627,201.381,-19.036,0.0,0
628,202.179,-6.354,0.0,0
629,215.363,13.154,0.0,0
630,214.161,26.259,0.0,0
631,212.161,39.266,0.0,0
632,209.373,52.127,0.0,0
633,205.806,64.794,0.0,0
634,201.473,77.221,0.0,0
635,196.39,89.36,0.0,0
636,190.577,101.166,0.0,0
637,184.055,112.596,0.0,0
638,176.849,123.608,0.0,0
639,168.984,134.159,0.0,0
640,160.491,144.212,0.0,0
641,151.401,153.727,1.1875,2
642,141.747,162.672,0.467041015625,1
643,131.567,171.01,0.0,0
644,120.896,178.713,0.0,0
645,109.776,185.751,0.0,0
646,98.248,192.098,0.0,0
647,86.354,197.73,0.0,0
648,74.139,202.627,0.0,0
649,61.648,206.77,0.0,0
650,48.928,210.144,0.0,0
651,36.026,212.736,0.0,0
652,22.99,214.536,0.0,0
653,9.868,215.539,0.0,0
654,-3.29,215.739,0.0,0
655,-16.437,215.138,0.0,0
656,-29.522,213.735,0.0,0
657,-42.497,211.538,0.0,0
658,-55.314,208.554,0.0,0
659,-67.925,204.794,0.0,0
660,-80.284,200.272,0.0,0
661,-92.344,195.005,0.0,0
662,-104.061,189.012,0.0,0
663,-115.39,182.317,0.0,0
664,-126.29,174.943,0.0,0
665,-136.721,166.919,0.0,0
666,-146.642,158.273,1.20166015625,3
667,-156.018,149.039,0.0,0
668,-164.814,139.25,0.0,0
669,-172.997,128.943,0.0,0
670,-180.536,118.157,0.0,0
671,-187.404,106.931,0.0,0
672,-193.574,95.307,0.0,0
673,-199.024,83.329,0.0,0
674,-203.734,71.041,0.0,0
675,-207.686,58.488,0.0,0
676,-210.865,45.718,0.0,0
677,-213.26,32.778,0.0,0
678,-214.862,19.715,0.0,0
679,-215.664,6.58,0.0,0
680,-215.664,-6.58,0.0,0
681,-214.862,-19.715,0.0,0
682,-213.26,-32.778,0.0,0
683,-210.865,-45.718,0.0,0
684,-207.686,-58.488,0.0,0
685,-203.734,-71.041,0.0,0
686,-199.024,-83.329,0.0,0
687,-193.574,-95.307,0.0,0
688,-187.404,-106.931,0.0,0
689,-180.536,-118.157,0.0,0
690,-172.997,-128.943,0.0,0
691,-164.814,-139.25,0.0,0
692,-156.018,-149.039,0.0,0
693,-146.642,-158.273,0.0,0
694,-136.721,-166.919,0.0,0
695,-126.29,-174.943,0.0,0
696,-115.39,-182.317,0.0,0
697,-104.061,-189.012,0.0,0
698,-92.344,-195.005,0.0,0
699,-80.284,-200.272,0.0,0
700,-67.925,-204.794,0.0,0
701,-55.314,-208.554,0.0,0
702,-42.497,-211.538,0.0,0
703,-29.522,-213.735,0.0,0
704,-16.437,-215.138,0.0,0
705,-3.29,-215.739,0.0,0
706,9.868,-215.539,0.0,0
707,22.99,-214.536,0.0,0
708,36.026,-212.736,0.0,0
709,48.928,-210.144,0.0,0
710,61.648,-206.77,0.0,0
711,74.139,-202.627,0.0,0
712,86.354,-197.73,0.0,0
713,98.248,-192.098,0.0,0
714,109.776,-185.751,0.0,0
715,120.896,-178.713,0.0,0
716,131.567,-171.01,0.0,0
717,141.747,-162.672,0.0,0
718,151.401,-153.727,0.0,0
719,160.491,-144.212,0.0,0
720,168.984,-134.159,0.0,0
721,176.849,-123.608,0.0,0
722,184.055,-112.596,0.0,0
723,190.577,-101.166,0.0,0
724,196.39,-89.36,0.0,0
725,201.473,-77.221,0.0,0
726,205.806,-64.794,0.0,0
727,209.373,-52.127,0.0,0
728,212.161,-39.266,0.0,0
729,214.161,-26.259,0.0,0
730,215.363,-13.154,0.0,0
731,215.765,0.0,0.0,0
732,229.134,7.274,0.0,0
733,228.212,21.792,0.0,0
734,226.37,36.222,0.0,0
735,223.617,50.506,0.0,0
736,219.964,64.587,0.0,0
737,215.424,78.408,0.0,0
738,210.018,91.913,0.0,0
739,203.765,105.048,0.0,0
740,196.693,117.76,0.0,0
741,188.828,129.998,0.0,0
742,180.203,141.713,0.0,0
743,170.852,152.857,0.0,0
744,160.813,163.385,0.2825927734375,2
745,150.127,173.255,0.3232421875,1
746,138.836,182.428,0.0,0
747,126.986,190.866,0.0,0
748,114.625,198.536,0.0,0
749,101.802,205.406,0.0,0
750,88.57,211.45,0.0,0
751,74.98,216.641,0.0,0
752,61.089,220.961,0.0,0
753,46.952,224.39,0.0,0
754,32.626,226.916,0.0,0
755,18.168,228.529,0.0,0
756,3.637,229.221,0.0,0
757,-10.908,228.99,0.0,0
758,-25.41,227.837,0.0,0
759,-39.809,225.767,0.0,0
760,-54.048,222.788,0.0,0
761,-68.069,218.911,0.0,0
762,-81.816,214.153,0.0,0
763,-95.234,208.533,0.0,0
764,-108.268,202.073,0.0,0
765,-120.866,194.799,0.0,0
766,-132.978,186.741,0.0,0
767,-144.554,177.931,0.0,0
768,-155.548,168.405,0.790283203125,3
769,-165.916,158.2,0.0,0
770,-175.616,147.359,0.0,0
771,-184.608,135.924,0.0,0
772,-192.857,123.942,0.0,0
773,-200.33,111.46,0.0,0
774,-206.996,98.53,0.0,0
775,-212.828,85.204,0.0,0
776,-217.804,71.534,0.0,0
777,-221.902,57.576,0.0,0
778,-225.107,43.386,0.0,0
779,-227.405,29.021,0.0,0
780,-228.788,14.54,0.0,0
781,-229.25,0.0,0.0,0
782,-228.788,-14.54,0.0,0
783,-227.405,-29.021,0.0,0
784,-225.107,-43.386,0.0,0
785,-221.902,-57.576,0.0,0
786,-217.804,-71.534,0.0,0
787,-212.828,-85.204,0.0,0
788,-206.996,-98.53,0.0,0
789,-200.33,-111.46,0.0,0
790,-192.857,-123.942,0.0,0
791,-184.608,-135.924,0.0,0
792,-175.616,-147.359,0.0,0
793,-165.916,-158.2,0.0,0
794,-155.548,-168.405,0.0,0
795,-144.554,-177.931,0.0,0
796,-132.978,-186.741,0.0,0
797,-120.866,-194.799,0.0,0
798,-108.268,-202.073,0.0,0
799,-95.234,-208.533,0.0,0
800,-81.816,-214.153,0.0,0
801,-68.069,-218.911,0.0,0
802,-54.048,-222.788,0.0,0
803,-39.809,-225.767,0.0,0
804,-25.41,-227.837,0.0,0
805,-10.908,-228.99,0.0,0
806,3.637,-229.221,0.0,0
807,18.168,-228.529,0.0,0
808,32.626,-226.916,0.0,0
809,46.952,-224.39,0.0,0
810,61.089,-220.961,0.0,0
811,74.98,-216.641,0.0,0
812,88.57,-211.45,0.0,0
813,101.802,-205.406,0.0,0
814,114.625,-198.536,0.0,0
815,126.986,-190.866,0.0,0
816,138.836,-182.428,0.0,0
817,150.127,-173.255,0.0,0
818,160.813,-163.385,0.0,0
819,170.852,-152.857,0.0,0
820,180.203,-141.713,0.0,0
821,188.828,-129.998,0.0,0
822,196.693,-117.76,0.0,0
823,203.765,-105.048,0.0,0
824,210.018,-91.913,0.0,0
825,215.424,-78.408,0.0,0
826,219.964,-64.587,0.0,0
827,223.617,-50.506,0.0,0
828,226.37,-36.222,0.0,0
829,228.212,-21.792,0.0,0
830,229.134,-7.274,0.0,0
831,242.266,15.091,0.0,0
832,240.859,30.123,0.0,0
833,238.52,45.039,0.0,0
834,235.259,59.781,0.0,0
835,231.087,74.291,0.0,0
836,226.021,88.514,0.0,0
837,220.081,102.394,0.0,0
838,213.29,115.878,0.0,0
839,205.673,128.914,0.0,0
840,197.261,141.452,0.0,0
841,188.085,153.442,0.0,0
842,178.182,164.838,0.0,0
843,167.589,175.597,0.0186767578125,1
844,156.348,185.676,0.0,0
845,144.502,195.037,0.0,0
846,132.097,203.643,0.0,0
847,119.181,211.462,0.0,0
848,105.804,218.462,0.0,0
849,92.018,224.617,0.0,0
850,77.876,229.904,0.0,0
851,63.432,234.3,0.0,0
852,48.743,237.791,0.0,0
853,33.865,240.361,0.0,0
854,18.857,242.002,0.0,0
855,3.775,242.706,0.0,0
856,-11.321,242.471,0.0,0
857,-26.374,241.298,0.0,0
858,-41.324,239.192,0.0,0
859,-56.115,236.16,0.0,0
860,-70.688,232.214,0.0,0
861,-84.988,227.371,0.0,0
862,-98.959,221.647,0.0,0
863,-112.547,215.066,0.0,0
864,-125.7,207.653,0.0,0
865,-138.367,199.437,0.0,0
866,-150.498,190.449,0.0,0
867,-162.047,180.724,0.937255859375,1
868,-172.969,170.3,0.0,0
869,-183.222,159.217,0.0,0
870,-192.766,147.518,0.0,0
871,-201.564,135.248,0.0,0
872,-209.583,122.456,0.0,0
873,-216.79,109.189,0.0,0
874,-223.159,95.5,0.0,0
875,-228.665,81.442,0.0,0
876,-233.286,67.068,0.0,0
877,-237.004,52.435,0.0,0
878,-239.805,37.599,0.0,0
879,-241.679,22.618,0.0,0
880,-242.618,7.549,0.0,0
881,-242.618,-7.549,0.0,0
882,-241.679,-22.618,0.0,0
883,-239.805,-37.599,0.0,0
884,-237.004,-52.435,0.0,0
885,-233.286,-67.068,0.0,0
886,-228.665,-81.442,0.0,0
887,-223.159,-95.5,0.0,0
888,-216.79,-109.189,0.0,0
889,-209.583,-122.456,0.0,0
890,-201.564,-135.248,0.0,0
891,-192.766,-147.518,0.0,0
892,-183.222,-159.217,0.0,0
893,-172.969,-170.3,0.0,0
894,-162.047,-180.724,0.0,0
895,-150.498,-190.449,0.0,0
896,-138.367,-199.437,0.0,0
897,-125.7,-207.653,0.0,0
898,-112.547,-215.066,0.0,0
899,-98.959,-221.647,0.0,0
900,-84.988,-227.371,0.0,0
901,-70.688,-232.214,0.0,0
902,-56.115,-236.16,0.0,0
903,-41.324,-239.192,0.0,0
904,-26.374,-241.298,0.0,0
905,-11.321,-242.471,0.0,0
906,3.775,-242.706,0.0,0
907,18.857,-242.002,0.0,0
908,33.865,-240.361,0.0,0
909,48.743,-237.791,0.0,0
910,63.432,-234.3,0.0,0
911,77.876,-229.904,0.0,0
912,92.018,-224.617,0.0,0
913,105.804,-218.462,0.0,0
914,119.181,-211.462,0.0,0
915,132.097,-203.643,0.0,0
916,144.502,-195.037,0.0,0
917,156.348,-185.676,0.0,0
918,167.589,-175.597,0.0,0
919,178.182,-164.838,0.0,0
920,188.085,-153.442,0.0,0
921,197.261,-141.452,0.0,0
922,205.673,-128.914,0.0,0
923,213.29,-115.878,0.0,0
924,220.081,-102.394,0.0,0
925,226.021,-88.514,0.0,0
926,231.087,-74.291,0.0,0
927,235.259,-59.781,0.0,0
928,238.52,-45.039,0.0,0
929,240.859,-30.123,0.0,0
930,242.266,-15.091,0.0,0
931,242.735,0.0,0.0,0
932,256.121,7.122,0.0,0
933,255.33,21.345,0.0,0
934,253.749,35.502,0.0,0
935,251.384,49.549,0.0,0
936,248.241,63.443,0.0,0
937,244.332,77.141,0.0,0
938,239.667,90.601,0.0,0
939,234.262,103.78,0.0,0
940,228.132,116.639,0.0,0
941,221.297,129.137,0.0,0
942,213.779,141.236,0.0,0
943,205.599,152.898,0.0,0
944,196.784,164.088,0.0,0
945,187.361,174.771,0.0,0
946,177.358,184.913,0.0,0
947,166.808,194.484,0.0465087890625,1
948,155.741,203.454,0.0,0
949,144.194,211.795,0.0,0
950,132.201,219.481,0.0,0
951,119.799,226.489,0.0,0
952,107.026,232.796,0.0,0
953,93.923,238.385,0.0,0
954,80.53,243.236,0.0,0
955,66.888,247.336,0.0,0
956,53.039,250.671,0.0,0
957,39.026,253.231,0.0,0
958,24.892,255.008,0.0,0
959,10.682,255.998,0.0,0
960,-3.562,256.196,0.0,0
961,-17.794,255.602,0.0,0
962,-31.972,254.218,0.0,0
963,-46.05,252.048,0.0,0
964,-59.987,249.099,0.0,0
965,-73.738,245.381,0.0,0
966,-87.261,240.903,0.0,0
967,-100.514,235.682,0.0,0
968,-113.456,229.731,0.0,0
969,-126.048,223.071,0.0,0
970,-138.251,215.721,0.0,0
971,-150.026,207.705,0.0,0
972,-161.337,199.046,0.0,0
973,-172.15,189.772,0.8834228515625,1
974,-182.43,179.912,0.0,0
975,-192.147,169.495,0.0,0
976,-201.269,158.555,0.0,0
977,-209.77,147.124,0.0,0
978,-217.622,135.239,0.0,0
979,-224.802,122.935,0.0,0
980,-231.286,110.252,0.0,0
981,-237.056,97.228,0.0,0
982,-242.093,83.903,0.0,0
983,-246.382,70.32,0.0,0
984,-249.909,56.518,0.0,0
985,-252.664,42.542,0.0,0
986,-254.638,28.435,0.0,0
987,-255.824,14.239,0.0,0
988,-256.22,0.0,0.0,0
989,-255.824,-14.239,0.0,0
990,-254.638,-28.435,0.0,0
991,-252.664,-42.542,0.0,0
992,-249.909,-56.518,0.0,0
993,-246.382,-70.32,0.0,0
994,-242.093,-83.903,0.0,0
995,-237.056,-97.228,0.0,0
996,-231.286,-110.252,0.0,0
997,-224.802,-122.935,0.0,0
998,-217.622,-135.239,0.0,0
999,-209.77,-147.124,0.0,0
1000,-201.269,-158.555,0.0,0
1001,-192.147,-169.495,0.0,0
1002,-182.43,-179.912,0.0,0
1003,-172.15,-189.772,0.0,0
1004,-161.337,-199.046,0.0,0
1005,-150.026,-207.705,0.0,0
1006,-138.251,-215.721,0.0,0
1007,-126.048,-223.071,0.0,0
1008,-113.456,-229.731,0.0,0
1009,-100.514,-235.682,0.0,0
1010,-87.261,-240.903,0.0,0
1011,-73.738,-245.381,0.0,0
1012,-59.987,-249.099,0.0,0
1013,-46.05,-252.048,0.0,0
1014,-31.972,-254.218,0.0,0
1015,-17.794,-255.602,0.0,0
1016,-3.562,-256.196,0.0,0
1017,10.682,-255.998,0.0,0
1018,24.892,-255.008,0.0,0
1019,39.026,-253.231,0.0,0
1020,53.039,-250.671,0.0,0
1021,66.888,-247.336,0.0,0
1022,80.53,-243.236,0.0,0
1023,93.923,-238.385,0.0,0
1024,107.026,-232.796,0.0,0
1025,119.799,-226.489,0.0,0
1026,132.201,-219.481,0.0,0
1027,144.194,-211.795,0.0,0
1028,155.741,-203.454,0.0,0
1029,166.808,-194.484,0.0,0
1030,177.358,-184.913,0.0,0
1031,187.361,-174.771,0.0,0
1032,196.784,-164.088,0.0,0
1033,205.599,-152.898,0.0,0
1034,213.779,-141.236,0.0,0
1035,221.297,-129.137,0.0,0
1036,228.132,-116.639,0.0,0
1037,234.262,-103.78,0.0,0
1038,239.667,-90.601,0.0,0
1039,244.332,-77.141,0.0,0
1040,248.241,-63.443,0.0,0
1041,251.384,-49.549,0.0,0
1042,253.749,-35.502,0.0,0
1043,255.33,-21.345,0.0,0
1044,256.121,-7.122,0.0,0
1045,269.281,15.123,0.0,0
1046,268.01,30.197,0.0,0
1047,265.895,45.177,0.0,0
1048,262.944,60.015,0.0,0
1049,259.165,74.664,0.0,0
1050,254.571,89.078,0.0,0
1051,249.176,103.212,0.0,0
1052,242.996,117.021,0.0,0
1053,236.053,130.462,0.0,0
1054,228.366,143.492,0.0,0
1055,219.961,156.071,0.0,0
1056,210.864,168.159,0.0,0
1057,201.104,179.717,0.0,0
1058,190.711,190.711,0.0,0
1059,179.717,201.104,0.3638916015625,1
1060,168.159,210.864,0.0,0
1061,156.071,219.961,0.0,0
1062,143.492,228.366,0.0,0
1063,130.462,236.053,0.0,0
1064,117.021,242.996,0.0,0
1065,103.212,249.176,0.0,0
1066,89.078,254.571,0.0,0
1067,74.664,259.165,0.0,0
1068,60.015,262.944,0.0,0
1069,45.177,265.895,0.0,0
1070,30.197,268.01,0.0,0
1071,15.123,269.281,0.0,0
1072,0.0,269.706,0.0,0
1073,-15.123,269.281,0.0,0
1074,-30.197,268.01,0.0,0
1075,-45.177,265.895,0.0,0
1076,-60.015,262.944,0.0,0
1077,-74.664,259.165,0.0,0
1078,-89.078,254.571,0.0,0
1079,-103.212,249.176,0.0,0
1080,-117.021,242.996,0.0,0
1081,-130.462,236.053,0.0,0
1082,-143.492,228.366,0.0,0
1083,-156.071,219.961,0.0,0
1084,-168.159,210.864,0.0,0
1085,-179.717,201.104,0.363037109375,1
1086,-190.711,190.711,0.0,0
1087,-201.104,179.717,0.0,0
1088,-210.864,168.159,0.0,0
1089,-219.961,156.071,0.0,0
1090,-228.366,143.492,0.0,0
1091,-236.053,130.462,0.0,0
1092,-242.996,117.021,0.0,0
1093,-249.176,103.212,0.0,0
1094,-254.571,89.078,0.0,0
1095,-259.165,74.664,0.0,0
1096,-262.944,60.015,0.0,0
1097,-265.895,45.177,0.0,0
1098,-268.01,30.197,0.0,0
1099,-269.281,15.123,0.0,0
1100,-269.706,0.0,0.0,0
1101,-269.281,-15.123,0.0,0
1102,-268.01,-30.197,0.0,0
1103,-265.895,-45.177,0.0,0
1104,-262.944,-60.015,0.0,0
1105,-259.165,-74.664,0.0,0
1106,-254.571,-89.078,0.0,0
1107,-249.176,-103.212,0.0,0
1108,-242.996,-117.021,0.0,0
1109,-236.053,-130.462,0.0,0
1110,-228.366,-143.492,0.0,0
1111,-219.961,-156.071,0.0,0
1112,-210.864,-168.159,0.0,0
1113,-201.104,-179.717,0.0,0
1114,-190.711,-190.711,0.0,0
1115,-179.717,-201.104,0.0,0
1116,-168.159,-210.864,0.0,0
1117,-156.071,-219.961,0.0,0
1118,-143.492,-228.366,0.0,0
1119,-130.462,-236.053,0.0,0
1120,-117.021,-242.996,0.0,0
1121,-103.212,-249.176,0.0,0
1122,-89.078,-254.571,0.0,0
1123,-74.664,-259.165,0.0,0
1124,-60.015,-262.944,0.0,0
1125,-45.177,-265.895,0.0,0
1126,-30.197,-268.01,0.0,0
1127,-15.123,-269.281,0.0,0
1128,0.0,-269.706,0.0,0
1129,15.123,-269.281,0.0,0
1130,30.197,-268.01,0.0,0
1131,45.177,-265.895,0.0,0
1132,60.015,-262.944,0.0,0
1133,74.664,-259.165,0.0,0
1134,89.078,-254.571,0.0,0
1135,103.212,-249.176,0.0,0
1136,117.021,-242.996,0.0,0
1137,130.462,-236.053,0.0,0
1138,143.492,-228.366,0.0,0
1139,156.071,-219.961,0.0,0
1140,168.159,-210.864,0.0,0
1141,179.717,-201.104,0.0,0
1142,190.711,-190.711,0.0,0
1143,201.104,-179.717,0.0,0
1144,210.864,-168.159,0.0,0
1145,219.961,-156.071,0.0,0
1146,228.366,-143.492,0.0,0
1147,236.053,-130.462,0.0,0
1148,242.996,-117.021,0.0,0
1149,249.176,-103.212,0.0,0
1150,254.571,-89.078,0.0,0
1151,259.165,-74.664,0.0,0
1152,262.944,-60.015,0.0,0
1153,265.895,-45.177,0.0,0
1154,268.01,-30.197,0.0,0
1155,269.281,-15.123,0.0,0
1156,269.706,0.0,0.0,0
1157,283.067,8.392,0.0,0
1158,282.072,25.146,0.0,0
1159,280.087,41.812,0.0,0
1160,277.118,58.331,0.0,0
1161,273.176,74.645,0.0,0
1162,268.274,90.698,0.0,0
1163,262.43,106.431,0.0,0
1164,255.664,121.791,0.0,0
1165,248.0,136.722,0.0,0
1166,239.465,151.174,0.0,0
1167,230.089,165.094,0.0,0
1168,219.904,178.435,0.0,0
1169,208.948,191.149,0.0,0
1170,197.257,203.192,0.0,0
1171,184.873,214.52,0.0,0
1172,171.84,225.096,0.0,0
1173,158.204,234.88,0.0,0
1174,144.011,243.84,0.0,0
1175,129.313,251.943,0.0,0
1176,114.161,259.161,0.0,0
1177,98.608,265.469,0.0,0
1178,82.708,270.844,0.0,0
1179,66.518,275.268,0.0,0
1180,50.094,278.725,0.0,0
1181,33.494,281.203,0.0,0
1182,16.776,282.694,0.0,0
1183,0.0,283.191,0.0,0
1184,-16.776,282.694,0.0,0
1185,-33.494,281.203,0.0,0
1186,-50.094,278.725,0.0,0
1187,-66.518,275.268,0.0,0
1188,-82.708,270.844,0.0,0
1189,-98.608,265.469,0.0,0
1190,-114.161,259.161,0.0,0
1191,-129.313,251.943,0.0,0
1192,-144.011,243.84,0.0,0
1193,-158.204,234.88,0.0,0
1194,-171.84,225.096,0.0,0
1195,-184.873,214.52,0.0,0
1196,-197.257,203.192,0.0,0
1197,-208.948,191.149,0.0,0
1198,-219.904,178.435,0.0,0
1199,-230.089,165.094,0.0,0
1200,-239.465,151.174,0.0,0
1201,-248.0,136.722,0.0,0
1202,-255.664,121.791,0.0,0
1203,-262.43,106.431,0.0,0
1204,-268.274,90.698,0.0,0
1205,-273.176,74.645,0.0,0
1206,-277.118,58.331,0.0,0
1207,-280.087,41.812,0.0,0
1208,-282.072,25.146,0.0,0
1209,-283.067,8.392,0.0,0
1210,-283.067,-8.392,0.0,0
1211,-282.072,-25.146,0.0,0
1212,-280.087,-41.812,0.0,0
1213,-277.118,-58.331,0.0,0
1214,-273.176,-74.645,0.0,0
1215,-268.274,-90.698,0.0,0
1216,-262.43,-106.431,0.0,0
1217,-255.664,-121.791,0.0,0
1218,-248.0,-136.722,0.0,0
1219,-239.465,-151.174,0.0,0
1220,-230.089,-165.094,0.0,0
1221,-219.904,-178.435,0.0,0
1222,-208.948,-191.149,0.0,0
1223,-197.257,-203.192,0.0,0
1224,-184.873,-214.52,0.0,0
1225,-171.84,-225.096,0.0,0
1226,-158.204,-234.88,0.0,0
1227,-144.011,-243.84,0.0,0
1228,-129.313,-251.943,0.0,0
1229,-114.161,-259.161,0.0,0
1230,-98.608,-265.469,0.0,0
1231,-82.708,-270.844,0.0,0
1232,-66.518,-275.268,0.0,0
1233,-50.094,-278.725,0.0,0
1234,-33.494,-281.203,0.0,0
1235,-16.776,-282.694,0.0,0
1236,0.0,-283.191,0.0,0
1237,16.776,-282.694,0.0,0
1238,33.494,-281.203,0.0,0
1239,50.094,-278.725,0.0,0
1240,66.518,-275.268,0.0,0
1241,82.708,-270.844,0.0,0
1242,98.608,-265.469,0.0,0
1243,114.161,-259.161,0.0,0
1244,129.313,-251.943,0.0,0
1245,144.011,-243.84,0.0,0
1246,158.204,-234.88,0.0,0
1247,171.84,-225.096,0.0,0
1248,184.873,-214.52,0.0,0
1249,197.257,-203.192,0.0,0
1250,208.948,-191.149,0.0,0
1251,219.904,-178.435,0.0,0
1252,230.089,-165.094,0.0,0
1253,239.465,-151.174,0.0,0
1254,248.0,-136.722,0.0,0
1255,255.664,-121.791,0.0,0
1256,262.43,-106.431,0.0,0
1257,268.274,-90.698,0.0,0
1258,273.176,-74.645,0.0,0
1259,277.118,-58.331,0.0,0
1260,280.087,-41.812,0.0,0
1261,282.072,-25.146,0.0,0
1262,283.067,-8.392,0.0,0
1263,296.174,17.25,0.0,0
1264,294.67,34.442,0.0,0
1265,292.169,51.517,0.0,0
1266,288.679,68.418,0.0,0
1267,284.213,85.088,0.0,0
1268,278.784,101.469,0.0,0
1269,272.413,117.507,0.0,0
1270,265.12,133.148,0.0,0
1271,256.929,148.338,0.0,0
1272,247.869,163.026,0.0,0
1273,237.971,177.163,0.0,0
1274,227.267,190.7,0.0,0
1275,215.794,203.592,0.0,0
1276,203.592,215.794,0.0,0
1277,190.7,227.267,0.0,0
1278,177.163,237.971,0.0,0
1279,163.026,247.869,0.0,0
1280,148.338,256.929,0.0,0
1281,133.148,265.12,0.0,0
1282,117.507,272.413,0.0,0
1283,101.469,278.784,0.0,0
1284,85.088,284.213,0.0,0
1285,68.418,288.679,0.0,0
1286,51.517,292.169,0.0,0
1287,34.442,294.67,0.0,0
1288,17.25,296.174,0.0,0
1289,0.0,296.676,0.0,0
1290,-17.25,296.174,0.0,0
1291,-34.442,294.67,0.0,0
1292,-51.517,292.169,0.0,0
1293,-68.418,288.679,0.0,0
1294,-85.088,284.213,0.0,0
1295,-101.469,278.784,0.0,0
1296,-117.507,272.413,0.0,0
1297,-133.148,265.12,0.0,0
1298,-148.338,256.929,0.0,0
1299,-163.026,247.869,0.0,0
1300,-177.163,237.971,0.0,0
1301,-190.7,227.267,0.0,0
1302,-203.592,215.794,0.0,0
1303,-215.794,203.592,0.0,0
1304,-227.267,190.7,0.0,0
1305,-237.971,177.163,0.0,0
1306,-247.869,163.026,0.0,0
1307,-256.929,148.338,0.0,0
1308,-265.12,133.148,0.0,0
1309,-272.413,117.507,0.0,0
1310,-278.784,101.469,0.0,0
1311,-284.213,85.088,0.0,0
1312,-288.679,68.418,0.0,0
1313,-292.169,51.517,0.0,0
1314,-294.67,34.442,0.0,0
1315,-296.174,17.25,0.0,0
1316,-296.676,0.0,0.0,0
1317,-296.174,-17.25,0.0,0
1318,-294.67,-34.442,0.0,0
1319,-292.169,-51.517,0.0,0
1320,-288.679,-68.418,0.0,0
1321,-284.213,-85.088,0.0,0
1322,-278.784,-101.469,0.0,0
1323,-272.413,-117.507,0.0,0
1324,-265.12,-133.148,0.0,0
1325,-256.929,-148.338,0.0,0
1326,-247.869,-163.026,0.0,0
1327,-237.971,-177.163,0.0,0
1328,-227.267,-190.7,0.0,0
1329,-215.794,-203.592,0.0,0
1330,-203.592,-215.794,0.0,0
1331,-190.7,-227.267,0.0,0
1332,-177.163,-237.971,0.0,0
1333,-163.026,-247.869,0.0,0
1334,-148.338,-256.929,0.0,0
1335,-133.148,-265.12,0.0,0
1336,-117.507,-272.413,0.0,0
1337,-101.469,-278.784,0.0,0
1338,-85.088,-284.213,0.0,0
1339,-68.418,-288.679,0.0,0
1340,-51.517,-292.169,0.0,0
1341,-34.442,-294.67,0.0,0
1342,-17.25,-296.174,0.0,0
1343,0.0,-296.676,0.0,0
1344,17.25,-296.174,0.0,0
1345,34.442,-294.67,0.0,0
1346,51.517,-292.169,0.0,0
1347,68.418,-288.679,0.0,0
1348,85.088,-284.213,0.0,0
1349,101.469,-278.784,0.0,0
1350,117.507,-272.413,0.0,0
1351,133.148,-265.12,0.0,0
1352,148.338,-256.929,0.0,0
1353,163.026,-247.869,0.0,0
1354,177.163,-237.971,0.0,0
1355,190.7,-227.267,0.0,0
1356,203.592,-215.794,0.0,0
1357,215.794,-203.592,0.0,0
1358,227.267,-190.7,0.0,0
1359,237.971,-177.163,0.0,0
1360,247.869,-163.026,0.0,0
1361,256.929,-148.338,0.0,0
1362,265.12,-133.148,0.0,0
1363,272.413,-117.507,0.0,0
1364,278.784,-101.469,0.0,0
1365,284.213,-85.088,0.0,0
1366,288.679,-68.418,0.0,0
1367,292.169,-51.517,0.0,0
1368,294.67,-34.442,0.0,0
1369,296.174,-17.25,0.0,0
1370,296.676,0.0,0.0,0
1371,310.046,8.472,0.0,0
1372,309.12,25.391,0.0,0
1373,307.273,42.234,0.0,0
1374,304.508,58.951,0.0,0
1375,300.834,75.492,0.0,0
1376,296.263,91.807,0.0,0
1377,290.807,107.849,0.0,0
1378,284.484,123.569,0.0,0
1379,277.311,138.92,0.0,0
1380,269.311,153.856,0.0,0
1381,260.507,168.333,0.0,0
1382,250.926,182.308,0.0,0
1383,240.596,195.739,0.0,0
1384,229.548,208.586,0.0,0
1385,217.814,220.81,0.0,0
1386,205.431,232.375,0.0,0
1387,192.435,243.247,0.0,0
1388,178.864,253.393,0.0,0
1389,164.76,262.782,0.0,0
1390,150.163,271.387,0.0,0
1391,135.119,279.183,0.0,0
1392,119.671,286.145,0.0,0
1393,103.867,292.253,0.0,0
1394,87.752,297.489,0.0,0
1395,71.375,301.837,0.0,0
1396,54.786,305.285,0.0,0
1397,38.033,307.821,0.0,0
1398,21.166,309.438,0.0,0
1399,4.236,310.133,0.0,0
1400,-12.706,309.901,0.0,0
1401,-29.611,308.745,0.0,0
1402,-46.427,306.667,0.0,0
1403,-63.104,303.674,0.0,0
1404,-79.593,299.775,0.0,0
1405,-95.845,294.981,0.0,0
1406,-111.811,289.307,0.0,0
1407,-127.443,282.769,0.0,0
1408,-142.694,275.388,0.0,0
1409,-157.52,267.184,0.0,0
1410,-171.876,258.184,0.0,0
1411,-185.719,248.412,0.0,0
1412,-199.007,237.9,0.0,0
1413,-211.702,226.677,0.0,0
1414,-223.764,214.778,0.0,0
1415,-235.159,202.238,0.0,0
1416,-245.853,189.094,0.0,0
1417,-255.812,175.386,0.0,0
1418,-265.008,161.155,0.0,0
1419,-273.413,146.443,0.0,0
1420,-281.002,131.293,0.0,0
1421,-287.753,115.752,0.0,0
1422,-293.644,99.865,0.0,0
1423,-298.66,83.681,0.0,0
1424,-302.784,67.246,0.0,0
1425,-306.004,50.611,0.0,0
1426,-308.312,33.825,0.0,0
1427,-309.699,16.938,0.0,0
1428,-310.161,0.0,0.0,0
1429,-309.699,-16.938,0.0,0
1430,-308.312,-33.825,0.0,0
1431,-306.004,-50.611,0.0,0
1432,-302.784,-67.246,0.0,0
1433,-298.66,-83.681,0.0,0
1434,-293.644,-99.865,0.0,0
1435,-287.753,-115.752,0.0,0
1436,-281.002,-131.293,0.0,0
1437,-273.413,-146.443,0.0,0
1438,-265.008,-161.155,0.0,0
1439,-255.812,-175.386,0.0,0
1440,-245.853,-189.094,0.0,0
1441,-235.159,-202.238,0.0,0
1442,-223.764,-214.778,0.0,0
1443,-211.702,-226.677,0.0,0
1444,-199.007,-237.9,0.0,0
1445,-185.719,-248.412,0.0,0
1446,-171.876,-258.184,0.0,0
1447,-157.52,-267.184,0.0,0
1448,-142.694,-275.388,0.0,0
1449,-127.443,-282.769,0.0,0
1450,-111.811,-289.307,0.0,0
1451,-95.845,-294.981,0.0,0
1452,-79.593,-299.775,0.0,0
1453,-63.104,-303.674,0.0,0
1454,-46.427,-306.667,0.0,0
1455,-29.611,-308.745,0.0,0
1456,-12.706,-309.901,0.0,0
1457,4.236,-310.133,0.0,0
1458,21.166,-309.438,0.0,0
1459,38.033,-307.821,0.0,0
1460,54.786,-305.285,0.0,0
1461,71.375,-301.837,0.0,0
1462,87.752,-297.489,0.0,0
1463,103.867,-292.253,0.0,0
1464,119.671,-286.145,0.0,0
1465,135.119,-279.183,0.0,0
1466,150.163,-271.387,0.0,0
1467,164.76,-262.782,0.0,0
1468,178.864,-253.393,0.0,0
1469,192.435,-243.247,0.0,0
1470,205.431,-232.375,0.0,0
1471,217.814,-220.81,0.0,0
1472,229.548,-208.586,0.0,0
1473,240.596,-195.739,0.0,0
1474,250.926,-182.308,0.0,0
1475,260.507,-168.333,0.0,0
1476,269.311,-153.856,0.0,0
1477,277.311,-138.92,0.0,0
1478,284.484,-123.569,0.0,0
1479,290.807,-107.849,0.0,0
1480,296.263,-91.807,0.0,0
1481,300.834,-75.492,0.0,0
1482,304.508,-58.951,0.0,0
1483,307.273,-42.234,0.0,0
1484,309.12,-25.391,0.0,0
1485,310.046,-8.472,0.0,0
1486,323.275,15.517,0.0,0
1487,322.159,30.999,0.0,0
1488,320.302,46.409,0.0,0
1489,317.709,61.712,0.0,0
1490,314.385,76.874,0.0,0
1491,310.337,91.859,0.0,0
1492,305.576,106.632,0.0,0
1493,300.112,121.16,0.0,0
1494,293.958,135.41,0.0,0
1495,287.128,149.348,0.0,0
1496,279.637,162.942,0.0,0
1497,271.503,176.162,0.0,0
1498,262.745,188.977,0.0,0
1499,253.383,201.357,0.0,0
1500,243.437,213.274,0.0,0
1501,232.932,224.7,0.0,0
1502,221.891,235.609,0.0,0
1503,210.339,245.977,0.0,0
1504,198.304,255.779,0.0,0
1505,185.813,264.992,0.0,0
1506,172.894,273.596,0.0,0
1507,159.578,281.571,0.0,0
1508,145.894,288.898,0.0,0
1509,131.875,295.561,0.0,0
1510,117.553,301.544,0.0,0
1511,102.96,306.833,0.0,0
1512,88.131,311.416,0.0,0
1513,73.099,315.284,0.0,0
1514,57.898,318.426,0.0,0
1515,42.565,320.836,0.0,0
1516,27.134,322.507,0.0,0
1517,11.64,323.437,0.0,0
1518,-3.881,323.623,0.0,0
1519,-19.392,323.065,0.0,0
1520,-34.859,321.764,0.0,0
1521,-50.246,319.723,0.0,0
1522,-65.517,316.946,0.0,0
1523,-80.638,313.44,0.0,0
1524,-95.573,309.214,0.0,0
1525,-110.288,304.276,0.0,0
1526,-124.75,298.638,0.0,0
1527,-138.925,292.313,0.0,0
1528,-152.78,285.317,0.0,0
1529,-166.284,277.663,0.0,0
1530,-179.405,269.372,0.0,0
1531,-192.114,260.46,0.0,0
1532,-204.38,250.95,0.0,0
1533,-216.177,240.862,0.0,0
1534,-227.477,230.221,0.0,0
1535,-238.253,219.05,0.0,0
1536,-248.481,207.375,0.0,0
1537,-258.138,195.223,0.0,0
1538,-267.201,182.622,0.0,0
1539,-275.65,169.601,0.0,0
1540,-283.464,156.19,0.0,0
1541,-290.627,142.42,0.0,0
1542,-297.121,128.322,0.0,0
1543,-302.931,113.929,0.0,0
1544,-308.045,99.274,0.0,0
1545,-312.451,84.391,0.0,0
1546,-316.137,69.313,0.0,0
1547,-319.097,54.076,0.0,0
1548,-321.323,38.715,0.0,0
1549,-322.81,23.265,0.0,0
1550,-323.554,7.761,0.0,0
1551,-323.554,-7.761,0.0,0
1552,-322.81,-23.265,0.0,0
1553,-321.323,-38.715,0.0,0
1554,-319.097,-54.076,0.0,0
1555,-316.137,-69.313,0.0,0
1556,-312.451,-84.391,0.0,0
1557,-308.045,-99.274,0.0,0
1558,-302.931,-113.929,0.0,0
1559,-297.121,-128.322,0.0,0
1560,-290.627,-142.42,0.0,0
1561,-283.464,-156.19,0.0,0
1562,-275.65,-169.601,0.0,0
1563,-267.201,-182.622,0.0,0
1564,-258.138,-195.223,0.0,0
1565,-248.481,-207.375,0.0,0
1566,-238.253,-219.05,0.0,0
1567,-227.477,-230.221,0.0,0
1568,-216.177,-240.862,0.0,0
1569,-204.38,-250.95,0.0,0
1570,-192.114,-260.46,0.0,0
1571,-179.405,-269.372,0.0,0
1572,-166.284,-277.663,0.0,0
1573,-152.78,-285.317,0.0,0
1574,-138.925,-292.313,0.0,0
1575,-124.75,-298.638,0.0,0
1576,-110.288,-304.276,0.0,0
1577,-95.573,-309.214,0.0,0
1578,-80.638,-313.44,0.0,0
1579,-65.517,-316.946,0.0,0
1580,-50.246,-319.723,0.0,0
1581,-34.859,-321.764,0.0,0
1582,-19.392,-323.065,0.0,0
1583,-3.881,-323.623,0.0,0
1584,11.64,-323.437,0.0,0
1585,27.134,-322.507,0.0,0
1586,42.565,-320.836,0.0,0
1587,57.898,-318.426,0.0,0
1588,73.099,-315.284,0.0,0
1589,88.131,-311.416,0.0,0
1590,102.96,-306.833,0.0,0
1591,117.553,-301.544,0.0,0
1592,131.875,-295.561,0.0,0
1593,145.894,-288.898,0.0,0
1594,159.578,-281.571,0.0,0
1595,172.894,-273.596,0.0,0
1596,185.813,-264.992,0.0,0
1597,198.304,-255.779,0.0,0
1598,210.339,-245.977,0.0,0
1599,221.891,-235.609,0.0,0
1600,232.932,-224.7,0.0,0
1601,243.437,-213.274,0.0,0
1602,253.383,-201.357,0.0,0
1603,262.745,-188.977,0.0,0
1604,271.503,-176.162,0.0,0
1605,279.637,-162.942,0.0,0
1606,287.128,-149.348,0.0,0
1607,293.958,-135.41,0.0,0
1608,300.112,-121.16,0.0,0
1609,305.576,-106.632,0.0,0
1610,310.337,-91.859,0.0,0
1611,314.385,-76.874,0.0,0
1612,317.709,-61.712,0.0,0
1613,320.302,-46.409,0.0,0
1614,322.159,-30.999,0.0,0
1615,323.275,-15.517,0.0,0
1616,323.647,0.0,0.0,0
1617,337.032,8.21,0.0,0
1618,336.233,24.609,0.0,0
1619,334.636,40.95,0.0,0
1620,332.245,57.194,0.0,0
1621,329.066,73.303,0.0,0
1622,325.107,89.237,0.0,0
1623,320.377,104.96,0.0,0
1624,314.887,120.434,0.0,0
1625,308.65,135.622,0.0,0
1626,301.681,150.489,0.0,0
1627,293.996,164.998,0.0,0
1628,285.614,179.117,0.0,0
1629,276.554,192.81,0.0,0
1630,266.839,206.046,0.0,0
1631,256.49,218.794,0.0,0
1632,245.534,231.022,0.0,0
1633,233.995,242.703,0.0,0
1634,221.901,253.807,0.0,0
1635,209.28,264.31,0.0,0
1636,196.163,274.186,0.0,0
1637,182.581,283.412,0.0,0
1638,168.566,291.965,0.0,0
1639,154.151,299.826,0.0,0
1640,139.37,306.975,0.0,0
1641,124.259,313.397,0.0,0
1642,108.853,319.075,0.0,0
1643,93.189,323.997,0.0,0
1644,77.304,328.149,0.0,0
1645,61.236,331.524,0.0,0
1646,45.022,334.112,0.0,0
1647,28.701,335.908,0.0,0
1648,12.313,336.907,0.0,0
1649,-4.105,337.107,0.0,0
1650,-20.513,336.507,0.0,0
1651,-36.873,335.11,0.0,0
1652,-53.144,332.917,0.0,0
1653,-69.29,329.935,0.0,0
1654,-85.272,326.17,0.0,0
1655,-101.051,321.631,0.0,0
1656,-116.591,316.33,0.0,0
1657,-131.854,310.278,0.0,0
1658,-146.804,303.491,0.0,0
1659,-161.406,295.983,0.0,0
1660,-175.626,287.774,0.0,0
1661,-189.428,278.881,0.0,0
1662,-202.782,269.328,0.0,0
1663,-215.654,259.136,0.0,0
1664,-228.015,248.329,0.0,0
1665,-239.835,236.933,0.0,0
1666,-251.087,224.975,0.0,0
1667,-261.742,212.483,0.0,0
1668,-271.777,199.487,0.0,0
1669,-281.167,186.019,0.0,0
1670,-289.891,172.109,0.0,0
1671,-297.926,157.79,0.0,0
1672,-305.256,143.098,0.0,0
1673,-311.861,128.066,0.0,0
1674,-317.726,112.73,0.0,0
1675,-322.838,97.127,0.0,0
1676,-327.184,81.294,0.0,0
1677,-330.754,65.268,0.0,0
1678,-333.539,49.087,0.0,0
1679,-335.534,32.789,0.0,0
1680,-336.732,16.414,0.0,0
1681,-337.132,0.0,0.0,0
1682,-336.732,-16.414,0.0,0
1683,-335.534,-32.789,0.0,0
1684,-333.539,-49.087,0.0,0
1685,-330.754,-65.268,0.0,0
1686,-327.184,-81.294,0.0,0
1687,-322.838,-97.127,0.0,0
1688,-317.726,-112.73,0.0,0
1689,-311.861,-128.066,0.0,0
1690,-305.256,-143.098,0.0,0
1691,-297.926,-157.79,0.0,0
1692,-289.891,-172.109,0.0,0
1693,-281.167,-186.019,0.0,0
1694,-271.777,-199.487,0.0,0
1695,-261.742,-212.483,0.0,0
1696,-251.087,-224.975,0.0,0
1697,-239.835,-236.933,0.0,0
1698,-228.015,-248.329,0.0,0
1699,-215.654,-259.136,0.0,0
1700,-202.782,-269.328,0.0,0
1701,-189.428,-278.881,0.0,0
1702,-175.626,-287.774,0.0,0
1703,-161.406,-295.983,0.0,0
1704,-146.804,-303.491,0.0,0
1705,-131.854,-310.278,0.0,0
1706,-116.591,-316.33,0.0,0
1707,-101.051,-321.631,0.0,0
1708,-85.272,-326.17,0.0,0
1709,-69.29,-329.935,0.0,0
1710,-53.144,-332.917,0.0,0
1711,-36.873,-335.11,0.0,0
1712,-20.513,-336.507,0.0,0
1713,-4.105,-337.107,0.0,0
1714,12.313,-336.907,0.0,0
1715,28.701,-335.908,0.0,0
1716,45.022,-334.112,0.0,0
1717,61.236,-331.524,0.0,0
1718,77.304,-328.149,0.0,0
1719,93.189,-323.997,0.0,0
1720,108.853,-319.075,0.0,0
1721,124.259,-313.397,0.0,0
1722,139.37,-306.975,0.0,0
1723,154.151,-299.826,0.0,0
1724,168.566,-291.965,0.0,0
1725,182.581,-283.412,0.0,0
1726,196.163,-274.186,0.0,0
1727,209.28,-264.31,0.0,0
1728,221.901,-253.807,0.0,0
1729,233.995,-242.703,0.0,0
1730,245.534,-231.022,0.0,0
1731,256.49,-218.794,0.0,0
1732,266.839,-206.046,0.0,0
1733,276.554,-192.81,0.0,0
1734,285.614,-179.117,0.0,0
1735,293.996,-164.998,0.0,0
1736,301.681,-150.489,0.0,0
1737,308.65,-135.622,0.0,0
1738,314.887,-120.434,0.0,0
1739,320.377,-104.96,0.0,0
1740,325.107,-89.237,0.0,0
1741,329.066,-73.303,0.0,0
1742,332.245,-57.194,0.0,0
1743,334.636,-40.95,0.0,0
1744,336.233,-24.609,0.0,0
1745,337.032,-8.21,0.0,0
