design_id,strategy_id,width_m,height_m,installation_height_m,mirror_count,total_area_m2,minimum_spacing_m,ground_clearance_m,capacity_upper_bound_mw,status,eta_total,eta_cos,eta_sb,eta_trunc,field_power_mw,unit_area_power_kw_m2,runtime_seconds
M2R_fine_w7.50_h7.50_z4.50_zoned_radial_balanced,zoned_radial_balanced,7.5,7.5,4.5,2577,144956.25,12.499999999999943,0.75,126.9978532536989,EVALUATED,0.42244137820127287,0.7693069414790524,0.7317132324408226,0.8590576898202044,58.771272533498056,0.40544145239338114,3.3190878969980986
M2R_fine_w7.50_h7.50_z5.25_zoned_radial_balanced,zoned_radial_balanced,7.5,7.5,5.25,2577,144956.25,12.499999999999943,1.5,126.9978532536989,EVALUATED,0.42073773633591577,0.768718475747861,0.7287058595265813,0.8585402923295823,58.53380056078791,0.4038032203564034,3.185592745001486
M2R_fine_w8.00_h7.50_z4.50_zoned_radial_balanced,zoned_radial_balanced,8.0,7.5,4.5,2391,143460.0,12.999999999999984,0.75,125.68697126047097,EVALUATED,0.41493841163854867,0.7694034913886855,0.7428551512616757,0.835773037780566,57.10955916526131,0.3980869870713879,3.174027733002731
M2R_fine_w8.00_h7.50_z5.25_zoned_radial_balanced,zoned_radial_balanced,8.0,7.5,5.25,2391,143460.0,12.999999999999984,1.5,125.68697126047097,EVALUATED,0.41341930569881113,0.7688147897951015,0.7400320646870208,0.8354070821134809,56.89715737014364,0.3966064224881056,2.6187848480039975
M2R_fine_w8.00_h8.00_z4.50_zoned_radial_balanced,zoned_radial_balanced,8.0,8.0,4.5,2391,153024.0,12.999999999999984,0.5,134.06610267783572,EVALUATED,0.3935202355413507,0.7694034913886855,0.7147636971978253,0.8179631953157674,57.78138211097001,0.37759686134835063,2.968063448999601
M2R_fine_w8.00_h8.00_z4.75_zoned_radial_balanced,zoned_radial_balanced,8.0,8.0,4.75,2391,153024.0,12.999999999999984,0.75,134.06610267783572,EVALUATED,0.3931207856857219,0.7692075511976327,0.7141189181653423,0.8178237836330684,57.721865687166805,0.3772079261237898,3.114827381003124
M2R_fine_w8.00_h8.00_z5.00_zoned_radial_balanced,zoned_radial_balanced,8.0,8.0,5.0,2391,153024.0,12.999999999999984,1.0,134.06610267783572,EVALUATED,0.3925992250118278,0.769011317370269,0.7131778893071239,0.8176320925693572,57.641394914260765,0.3766820558491529,3.129247682998539
M2R_fine_w8.00_h8.00_z5.25_zoned_radial_balanced,zoned_radial_balanced,8.0,8.0,5.25,2391,153024.0,12.999999999999984,1.25,134.06610267783572,EVALUATED,0.3921766727944532,0.7688147897951015,0.7122891398299177,0.8175972396486827,57.577368008706195,0.3762636449753385,3.2339459909999277
M2R_fine_w8.00_h8.00_z5.75_zoned_radial_balanced,zoned_radial_balanced,8.0,8.0,5.75,2391,153024.0,12.999999999999984,1.75,134.06610267783572,EVALUATED,0.39143536943351104,0.7684208529691943,0.7107556113202286,0.8174578279659835,57.46622858827094,0.37553735746203826,3.0782321650040103
