heliostat_id,x_m,y_m,z_m,width_m,height_m
1,0.0,60.0,5.75,8.0,8.0
2,13.052619222005157,59.14448613738104,5.75,8.0,8.0
3,25.881904510252074,56.592582628906825,5.75,8.0,8.0
4,38.268343236508976,52.38795325112868,5.75,8.0,8.0
5,49.99999999999999,46.60254037844388,5.75,8.0,8.0
6,60.87614290087207,39.335334029123516,5.75,8.0,8.0
7,70.71067811865474,30.710678118654755,5.75,8.0,8.0
8,79.33533402912352,20.87614290087207,5.75,8.0,8.0
9,86.60254037844386,10.000000000000014,5.75,8.0,8.0
10,92.38795325112868,-1.7316567634910172,5.75,8.0,8.0
11,96.59258262890683,-14.118095489747926,5.75,8.0,8.0
12,99.14448613738104,-26.94738077799483,5.75,8.0,8.0
13,100.0,-39.99999999999999,5.75,8.0,8.0
14,99.14448613738104,-53.05261922200516,5.75,8.0,8.0
15,96.59258262890683,-65.88190451025207,5.75,8.0,8.0
16,92.38795325112868,-78.26834323650894,5.75,8.0,8.0
17,86.60254037844388,-89.99999999999997,5.75,8.0,8.0
18,79.33533402912352,-100.87614290087207,5.75,8.0,8.0
19,70.71067811865476,-110.71067811865474,5.75,8.0,8.0
20,60.87614290087209,-119.3353340291235,5.75,8.0,8.0
21,38.26834323650899,-132.3879532511287,5.75,8.0,8.0
22,25.881904510252102,-136.59258262890683,5.75,8.0,8.0
23,13.052619222005198,-139.14448613738102,5.75,8.0,8.0
24,1.2246467991473532e-14,-140.0,5.75,8.0,8.0
25,-13.052619222005177,-139.14448613738102,5.75,8.0,8.0
26,-25.88190451025208,-136.59258262890683,5.75,8.0,8.0
27,-49.99999999999997,-126.60254037844388,5.75,8.0,8.0
28,-60.87614290087207,-119.33533402912352,5.75,8.0,8.0
29,-70.71067811865471,-110.71067811865478,5.75,8.0,8.0
30,-79.33533402912349,-100.87614290087208,5.75,8.0,8.0
31,-86.60254037844383,-90.00000000000004,5.75,8.0,8.0
32,-92.38795325112868,-78.26834323650894,5.75,8.0,8.0
33,-96.59258262890683,-65.88190451025207,5.75,8.0,8.0
34,-99.14448613738104,-53.05261922200516,5.75,8.0,8.0
35,-100.0,-40.00000000000002,5.75,8.0,8.0
36,-99.14448613738105,-26.947380777994873,5.75,8.0,8.0
37,-96.59258262890684,-14.118095489747972,5.75,8.0,8.0
38,-92.38795325112869,-1.731656763491081,5.75,8.0,8.0
39,-86.60254037844386,10.000000000000014,5.75,8.0,8.0
40,-79.33533402912357,20.87614290087199,5.75,8.0,8.0
41,-70.71067811865477,30.71067811865474,5.75,8.0,8.0
42,-60.87614290087209,39.33533402912349,5.75,8.0,8.0
43,-50.00000000000004,46.602540378443834,5.75,8.0,8.0
44,-38.268343236508954,52.38795325112868,5.75,8.0,8.0
45,-25.881904510252156,56.59258262890681,5.75,8.0,8.0
46,-13.052619222005168,59.14448613738104,5.75,8.0,8.0
47,-38.26991226786733,-143.02929262529435,5.75,8.0,8.0
48,0.0,79.81466123858795,5.75,8.0,8.0
49,13.18059773186533,79.08746739749039,5.75,8.0,8.0
50,26.20120086217667,76.91471302234574,5.75,8.0,8.0
51,38.903756907108466,73.3227724079772,5.75,8.0,8.0
52,51.13407404361368,68.3552468476715,5.75,8.0,8.0
53,62.74369278928179,62.07243537254226,5.75,8.0,8.0
54,73.5916880993467,54.55060280297562,5.75,8.0,8.0
55,83.5463800058281,45.881053997021695,5.75,8.0,8.0
56,92.48693203396434,36.1690255331027,5.75,8.0,8.0
57,100.30481799332655,25.53240828050822,5.75,8.0,8.0
58,106.90513933875708,14.100316363941168,5.75,8.0,8.0
59,112.20777711015464,2.011519892946559,5.75,8.0,8.0
60,116.14836446811793,-10.587239519235403,5.75,8.0,8.0
61,118.67906802018238,-23.54303000007264,5.75,8.0,8.0
62,119.76916845340783,-36.69858580350659,5.75,8.0,8.0
63,119.40543342522406,-49.89421630307179,5.75,8.0,8.0
64,117.59227818614472,-62.96974441977834,5.75,8.0,8.0
65,114.35171198460706,-75.76645095486913,5.75,8.0,8.0
66,109.72307090451044,-88.12900122588627,5.75,8.0,8.0
67,103.76254037844386,-99.90733061929394,5.75,8.0,8.0
68,96.54247317264513,-110.9584661716041,5.75,8.0,8.0
69,88.15051112243039,-121.14826206747662,5.75,8.0,8.0
70,78.68852127903628,-130.35302798819885,5.75,8.0,8.0
71,68.2713593816104,-138.46103054459965,5.75,8.0,8.0
72,45.08737992083571,-151.00757280290298,5.75,8.0,8.0
73,32.6019844622898,-155.2938144777863,5.75,8.0,8.0
74,19.72084507619033,-158.18054542604924,5.75,8.0,8.0
75,6.600321345430548,-159.63272464444935,5.75,8.0,8.0
76,-6.600321345430519,-159.63272464444935,5.75,8.0,8.0
77,-19.720845076190244,-158.18054542604926,5.75,8.0,8.0
78,-32.60198446228983,-155.29381447778627,5.75,8.0,8.0
79,-57.025475664126034,-145.37384956903566,5.75,8.0,8.0
80,-68.27135938161037,-138.46103054459968,5.75,8.0,8.0
81,-78.68852127903622,-130.3530279881989,5.75,8.0,8.0
82,-88.1505111224304,-121.14826206747661,5.75,8.0,8.0
83,-96.54247317264509,-110.95846617160417,5.75,8.0,8.0
84,-103.76254037844382,-99.90733061929402,5.75,8.0,8.0
85,-109.72307090451042,-88.12900122588631,5.75,8.0,8.0
86,-114.35171198460705,-75.76645095486919,5.75,8.0,8.0
87,-117.59227818614471,-62.969744419778394,5.75,8.0,8.0
88,-119.40543342522406,-49.89421630307176,5.75,8.0,8.0
89,-119.76916845340783,-36.698585803506646,5.75,8.0,8.0
90,-116.14836446811795,-10.587239519235457,5.75,8.0,8.0
91,-112.20777711015465,2.0115198929465095,5.75,8.0,8.0
92,-106.90513933875707,14.10031636394121,5.75,8.0,8.0
93,-100.30481799332658,25.53240828050818,5.75,8.0,8.0
94,-92.48693203396437,36.169025533102655,5.75,8.0,8.0
95,-83.54638000582813,45.88105399702165,5.75,8.0,8.0
96,-73.59168809934673,54.55060280297559,5.75,8.0,8.0
97,-62.74369278928173,62.0724353725423,5.75,8.0,8.0
98,-51.134074043613715,68.35524684767147,5.75,8.0,8.0
99,-38.9037569071085,73.3227724079772,5.75,8.0,8.0
100,-26.2012008621767,76.91471302234572,5.75,8.0,8.0
101,-13.180597731865358,79.08746739749039,5.75,8.0,8.0
102,-45.05312918173546,-161.64707445109497,5.75,8.0,8.0
103,-129.05643026869993,-26.876243758870714,5.75,8.0,8.0
104,0.0,99.62932247717592,5.75,8.0,8.0
105,13.075097739434957,99.01578872394103,5.75,8.0,8.0
106,26.03529104980488,97.1805792209201,5.75,8.0,8.0
107,38.76668528629889,94.13982185521286,5.75,8.0,8.0
108,51.15739649859407,89.92023891188325,5.75,8.0,8.0
109,63.09853467103381,84.5589122375574,5.75,8.0,8.0
110,74.48516065200076,78.10295736382228,5.75,8.0,8.0
111,85.2172083629543,70.60910945423987,5.75,8.0,8.0
112,95.20036418272689,62.14322471368993,5.75,8.0,8.0
113,104.34689577901796,52.77970164167347,5.75,8.0,8.0
114,112.57642310328478,42.600827215624136,5.75,8.0,8.0
115,119.81662477349911,31.69605374999172,5.75,8.0,8.0
116,126.00387363705298,20.161212786086438,5.75,8.0,8.0
117,131.08379592846345,8.09767292104818,5.75,8.0,8.0
118,135.01174910797891,-4.388551023029926,5.75,8.0,8.0
119,137.75321418182347,-17.187729661170195,5.75,8.0,8.0
120,139.28409905635553,-30.187383351290737,5.75,8.0,8.0
121,139.59095026025287,-43.27327066934458,5.75,8.0,8.0
122,138.67107117410248,-56.33039236706184,5.75,8.0,8.0
123,136.53254572838875,-69.24400198947842,5.75,8.0,8.0
124,133.1941673616219,-81.90061427090818,5.75,8.0,8.0
125,128.6852738629245,-94.18900244753821,5.75,8.0,8.0
126,123.04548955048583,-106.00117572222838,5.75,8.0,8.0
127,116.32437705162872,-117.23332829151997,5.75,8.0,8.0
128,108.58100174465893,-127.78675159476832,5.75,8.0,8.0
129,99.88341269019642,-137.56870176852357,5.75,8.0,8.0
130,90.3080446135841,-146.49321468293692,5.75,8.0,8.0
131,79.93904619377325,-154.48186139762475,5.75,8.0,8.0
132,68.86754056170679,-161.46443739801725,5.75,8.0,8.0
133,57.190824506968724,-167.37957955515589,5.75,8.0,8.0
134,32.43663955476147,-175.8094698827356,5.75,8.0,8.0
135,19.57671132471869,-178.25013587387107,5.75,8.0,8.0
136,6.544742251650064,-179.47585469999692,5.75,8.0,8.0
137,-6.544742251650091,-179.47585469999692,5.75,8.0,8.0
138,-19.576711324718662,-178.25013587387107,5.75,8.0,8.0
139,-32.43663955476144,-175.8094698827356,5.75,8.0,8.0
140,-57.190824506968696,-167.3795795551559,5.75,8.0,8.0
141,-68.86754056170676,-161.46443739801725,5.75,8.0,8.0
142,-79.93904619377318,-154.48186139762484,5.75,8.0,8.0
143,-90.30804461358409,-146.49321468293692,5.75,8.0,8.0
144,-99.88341269019644,-137.56870176852354,5.75,8.0,8.0
145,-108.5810017446589,-127.78675159476835,5.75,8.0,8.0
146,-116.32437705162867,-117.23332829152004,5.75,8.0,8.0
147,-123.04548955048577,-106.00117572222847,5.75,8.0,8.0
148,-128.6852738629245,-94.18900244753821,5.75,8.0,8.0
149,-133.1941673616219,-81.90061427090819,5.75,8.0,8.0
150,-136.53254572838873,-69.2440019894785,5.75,8.0,8.0
151,-138.67107117410245,-56.330392367061876,5.75,8.0,8.0
152,-139.59095026025287,-43.27327066934459,5.75,8.0,8.0
153,-137.75321418182347,-17.18772966117014,5.75,8.0,8.0
154,-135.01174910797891,-4.388551023029962,5.75,8.0,8.0
155,-131.0837959284635,8.097672921048087,5.75,8.0,8.0
156,-126.00387363705296,20.161212786086473,5.75,8.0,8.0
157,-119.81662477349916,31.696053749991663,5.75,8.0,8.0
158,-112.57642310328487,42.60082721562402,5.75,8.0,8.0
159,-104.34689577901794,52.77970164167348,5.75,8.0,8.0
160,-95.20036418272693,62.143224713689875,5.75,8.0,8.0
161,-85.21720836295431,70.60910945423986,5.75,8.0,8.0
162,-74.48516065200076,78.10295736382227,5.75,8.0,8.0
163,-63.09853467103389,84.55891223755737,5.75,8.0,8.0
164,-51.15739649859411,89.92023891188322,5.75,8.0,8.0
165,-38.7666852862989,94.13982185521286,5.75,8.0,8.0
166,-26.035291049804982,97.18057922092007,5.75,8.0,8.0
167,-13.075097739434902,99.01578872394103,5.75,8.0,8.0
168,44.96653882456715,-182.61564081626068,5.75,8.0,8.0
169,-44.96653882456705,-182.6156408162607,5.75,8.0,8.0
170,-149.39432733733148,-33.47730280326924,5.75,8.0,8.0
171,0.0,119.44398371576389,5.75,8.0,8.0
172,12.99616487856152,118.91344701315248,5.75,8.0,8.0
173,25.90584242407249,117.32536753954179,5.75,8.0,8.0
174,38.64312086241439,114.69031370181398,5.75,8.0,8.0
175,51.1232357070831,111.02582134850584,5.75,8.0,8.0
176,63.26313385286133,106.35627707163002,5.75,8.0,8.0
177,74.98202628053114,100.71275591792849,5.75,8.0,8.0
178,86.20192569446758,94.13281458956371,5.75,8.0,8.0
179,96.84816551522394,86.66024151046203,5.75,8.0,8.0
180,106.84989677329908,78.34476542157711,5.75,8.0,8.0
181,116.14055959733997,69.2417244443235,5.75,8.0,8.0
182,124.65832615910406,59.41169781450877,5.75,8.0,8.0
183,132.34651212745547,48.920102737514114,5.75,8.0,8.0
184,139.15395389323615,37.836759047585545,5.75,8.0,8.0
185,145.03534905464363,26.23542456835662,5.75,8.0,8.0
186,149.95155789724072,14.193304266701126,5.75,8.0,8.0
187,153.86986386229725,1.7905364664165262,5.75,8.0,8.0
188,156.76419127009078,-10.890340459098883,5.75,8.0,8.0
189,158.61527884925283,-23.764937366103204,5.75,8.0,8.0
190,159.41080791735203,-36.74757593633935,5.75,8.0,8.0
191,159.14548435969326,-49.75185885210696,5.75,8.0,8.0
192,157.82107386077737,-62.69124475615726,5.75,8.0,8.0
193,155.44639015396237,-75.47962417014712,5.75,8.0,8.0
194,152.03723636752187,-88.03189253901067,5.75,8.0,8.0
195,147.6162998574338,-100.26451658773155,5.75,8.0,8.0
196,142.21300122676962,-112.09609022150646,5.75,8.0,8.0
197,135.86329853643494,-123.44787626987481,5.75,8.0,8.0
198,128.6094480102067,-134.24433046959757,5.75,8.0,8.0
199,120.49972282653584,-144.4136041992652,5.75,8.0,8.0
200,111.58809186850924,-153.88802262001883,5.75,8.0,8.0
201,101.93386056983698,-162.6045350404373,5.75,8.0,8.0
202,91.60127624697559,-170.5051345084861,5.75,8.0,8.0
203,80.65910054383733,-177.5372438382125,5.75,8.0,8.0
204,69.1801518343947,-183.65406550224353,5.75,8.0,8.0
205,57.2408206284158,-188.81489306160964,5.75,8.0,8.0
206,32.30136285858527,-196.13777858234945,5.75,8.0,8.0
207,19.467204271470898,-198.2511039487738,5.75,8.0,8.0
208,6.50349465179251,-199.3112943280133,5.75,8.0,8.0
209,-6.5034946517924705,-199.3112943280133,5.75,8.0,8.0
210,-19.467204271470862,-198.2511039487738,5.75,8.0,8.0
211,-32.301362858585165,-196.1377785823495,5.75,8.0,8.0
212,-57.24082062841576,-188.81489306160964,5.75,8.0,8.0
213,-69.18015183439461,-183.65406550224358,5.75,8.0,8.0
214,-91.60127624697549,-170.50513450848615,5.75,8.0,8.0
215,-101.93386056983694,-162.60453504043733,5.75,8.0,8.0
216,-111.58809186850922,-153.8880226200189,5.75,8.0,8.0
217,-120.49972282653577,-144.4136041992653,5.75,8.0,8.0
218,-128.60944801020673,-134.24433046959751,5.75,8.0,8.0
219,-135.8632985364349,-123.44787626987485,5.75,8.0,8.0
220,-147.61629985743377,-100.26451658773162,5.75,8.0,8.0
221,-152.03723636752184,-88.03189253901073,5.75,8.0,8.0
222,-155.44639015396237,-75.47962417014719,5.75,8.0,8.0
223,-157.82107386077737,-62.69124475615726,5.75,8.0,8.0
224,-159.14548435969326,-49.75185885210696,5.75,8.0,8.0
225,-158.61527884925283,-23.764937366103204,5.75,8.0,8.0
226,-156.7641912700908,-10.89034045909899,5.75,8.0,8.0
227,-153.86986386229725,1.7905364664165617,5.75,8.0,8.0
228,-149.95155789724075,14.193304266701027,5.75,8.0,8.0
229,-145.03534905464363,26.23542456835669,5.75,8.0,8.0
230,-139.15395389323618,37.83675904758552,5.75,8.0,8.0
231,-132.3465121274555,48.92010273751406,5.75,8.0,8.0
232,-124.6583261591041,59.41169781450874,5.75,8.0,8.0
233,-116.14055959733999,69.24172444432347,5.75,8.0,8.0
234,-106.8498967732991,78.3447654215771,5.75,8.0,8.0
235,-96.84816551522395,86.66024151046203,5.75,8.0,8.0
236,-86.20192569446768,94.13281458956362,5.75,8.0,8.0
237,-74.98202628053113,100.71275591792849,5.75,8.0,8.0
238,-63.26313385286143,106.35627707162996,5.75,8.0,8.0
239,-51.12323570708318,111.02582134850581,5.75,8.0,8.0
240,-38.64312086241447,114.69031370181395,5.75,8.0,8.0
241,-25.90584242407255,117.32536753954179,5.75,8.0,8.0
242,-12.99616487856157,118.91344701315248,5.75,8.0,8.0
243,51.707359010330286,-201.26443095484012,5.75,8.0,8.0
244,-51.70735901033017,-201.26443095484015,5.75,8.0,8.0
245,-87.50371762066585,-184.99298972562207,5.75,8.0,8.0
246,-149.83557322531482,-118.92508259896152,5.75,8.0,8.0
247,0.0,139.25864495435187,5.75,8.0,8.0
248,13.085041194130818,138.78043373875755,5.75,8.0,8.0
249,26.10026803194827,137.34835155571884,5.75,8.0,8.0
250,38.97623864693671,134.97003918330537,5.75,8.0,8.0
251,51.644254164781664,131.6581859470553,5.75,8.0,8.0
252,64.03672524158846,127.43046201693315,5.75,8.0,8.0
253,76.08753268227598,122.30942412932762,5.75,8.0,8.0
254,87.73238021509039,116.32239523710348,5.75,8.0,8.0
255,98.90913754003422,109.50131872982584,5.75,8.0,8.0
256,109.55817182089892,101.88258800195592,5.75,8.0,8.0
257,119.62266585224756,93.50685227834526,5.75,8.0,8.0
258,129.04892120378912,84.41879973303313,5.75,8.0,8.0
259,137.78664472473795,74.66691905850276,5.75,8.0,8.0
260,145.7892168795336,64.30324075752726,5.75,8.0,8.0
261,153.01394048323414,53.383059537925064,5.75,8.0,8.0
262,159.4222685094718,41.96463929136918,5.75,8.0,8.0
263,164.9800097555167,30.10890223031589,5.75,8.0,8.0
264,169.6575112671372,17.879103841642113,5.75,8.0,8.0
265,173.4298165499407,5.340495391253597,5.75,8.0,8.0
266,176.27679872306916,-7.440024219650674,5.75,8.0,8.0
267,178.18326790481697,-20.394265389162157,5.75,8.0,8.0
268,179.1390522572219,-33.45311163569248,5.75,8.0,8.0
269,179.1390522572219,-46.546888364307456,5.75,8.0,8.0
270,178.18326790481697,-59.605734610837786,5.75,8.0,8.0
271,176.2767987230692,-72.5599757803493,5.75,8.0,8.0
272,173.4298165499407,-85.34049539125363,5.75,8.0,8.0
273,169.6575112671372,-97.87910384164212,5.75,8.0,8.0
274,164.9800097555167,-110.10890223031588,5.75,8.0,8.0
275,159.4222685094718,-121.96463929136915,5.75,8.0,8.0
276,153.01394048323417,-133.38305953792502,5.75,8.0,8.0
277,145.7892168795336,-144.30324075752725,5.75,8.0,8.0
278,137.78664472473798,-154.6669190585027,5.75,8.0,8.0
279,129.04892120378912,-164.41879973303313,5.75,8.0,8.0
280,119.62266585224758,-173.50685227834526,5.75,8.0,8.0
281,109.55817182089893,-181.88258800195592,5.75,8.0,8.0
282,98.90913754003425,-189.5013187298258,5.75,8.0,8.0
283,87.73238021509037,-196.3223952371035,5.75,8.0,8.0
284,76.08753268227598,-202.30942412932762,5.75,8.0,8.0
285,64.03672524158847,-207.43046201693312,5.75,8.0,8.0
286,38.97623864693676,-214.97003918330535,5.75,8.0,8.0
287,26.10026803194834,-217.34835155571884,5.75,8.0,8.0
288,13.085041194130824,-218.78043373875755,5.75,8.0,8.0
289,2.1952852576283886e-14,-219.25864495435187,5.75,8.0,8.0
290,-13.0850411941307,-218.78043373875755,5.75,8.0,8.0
291,-26.100268031948296,-217.34835155571884,5.75,8.0,8.0
292,-38.976238646936636,-214.9700391833054,5.75,8.0,8.0
293,-64.03672524158844,-207.43046201693315,5.75,8.0,8.0
294,-76.08753268227593,-202.30942412932765,5.75,8.0,8.0
295,-109.55817182089898,-181.8825880019559,5.75,8.0,8.0
296,-119.62266585224754,-173.5068522783453,5.75,8.0,8.0
297,-129.04892120378912,-164.41879973303315,5.75,8.0,8.0
298,-137.786644724738,-154.66691905850269,5.75,8.0,8.0
299,-145.7892168795336,-144.30324075752728,5.75,8.0,8.0
300,-153.01394048323408,-133.38305953792516,5.75,8.0,8.0
301,-164.9800097555167,-110.10890223031588,5.75,8.0,8.0
302,-169.65751126713718,-97.87910384164218,5.75,8.0,8.0
303,-173.4298165499407,-85.34049539125363,5.75,8.0,8.0
304,-176.27679872306916,-72.55997578034942,5.75,8.0,8.0
305,-178.18326790481697,-59.605734610837864,5.75,8.0,8.0
306,-179.1390522572219,-46.5468883643075,5.75,8.0,8.0
307,-179.1390522572219,-33.453111635692565,5.75,8.0,8.0
308,-178.18326790481697,-20.3942653891622,5.75,8.0,8.0
309,-176.2767987230692,-7.440024219650802,5.75,8.0,8.0
310,-173.4298165499407,5.340495391253562,5.75,8.0,8.0
311,-169.6575112671372,17.8791038416421,5.75,8.0,8.0
312,-164.98000975551673,30.10890223031582,5.75,8.0,8.0
313,-159.4222685094718,41.96463929136914,5.75,8.0,8.0
314,-153.01394048323414,53.38305953792511,5.75,8.0,8.0
315,-145.78921687953363,64.30324075752722,5.75,8.0,8.0
316,-137.78664472473795,74.66691905850276,5.75,8.0,8.0
317,-129.0489212037892,84.41879973303305,5.75,8.0,8.0
318,-119.62266585224761,93.50685227834524,5.75,8.0,8.0
319,-109.55817182089889,101.88258800195595,5.75,8.0,8.0
320,-98.90913754003428,109.50131872982578,5.75,8.0,8.0
321,-87.7323802150904,116.32239523710348,5.75,8.0,8.0
322,-76.08753268227608,122.3094241293276,5.75,8.0,8.0
323,-64.0367252415885,127.43046201693312,5.75,8.0,8.0
324,-51.64425416478179,131.65818594705524,5.75,8.0,8.0
325,-38.97623864693662,134.9700391833054,5.75,8.0,8.0
326,-26.10026803194828,137.34835155571884,5.75,8.0,8.0
327,-13.085041194130923,138.78043373875755,5.75,8.0,8.0
328,51.582956437713264,-221.99715635106543,5.75,8.0,8.0
329,-51.582956437713136,-221.99715635106546,5.75,8.0,8.0
330,-99.2562363223695,-201.03405188297015,5.75,8.0,8.0
331,-168.99057942290537,-125.00559029287362,5.75,8.0,8.0
332,0.0,159.7488060078917,5.75,8.0,8.0
333,13.064196972900916,159.32112848123148,5.75,8.0,8.0
334,26.072451048711862,158.0399272820783,5.75,8.0,8.0
335,38.969058886416725,155.91068871066054,5.75,8.0,8.0
336,51.69879523133118,152.9425304934276,5.75,8.0,8.0
337,64.20714939812166,149.14816273954563,5.75,8.0,8.0
338,76.44055869392845,144.54383351425867,5.75,8.0,8.0
339,88.34663778203978,139.14925926217896,5.75,8.0,8.0
340,99.87440300394583,132.98754037844392,5.75,8.0,8.0
341,110.97449069919169,126.08506228927803,5.75,8.0,8.0
342,121.59936858814987,118.47138246554681,5.75,8.0,8.0
343,131.70353931253888,110.17910385312888,5.75,8.0,8.0
344,141.24373526209638,101.24373526209641,5.75,8.0,8.0
345,150.17910385312888,91.70353931253888,5.75,8.0,8.0
346,158.4713824655468,81.59936858814987,5.75,8.0,8.0
347,166.085062289278,70.97449069919175,5.75,8.0,8.0
348,172.9875403784439,59.87440300394587,5.75,8.0,8.0
349,179.14925926217896,48.34663778203978,5.75,8.0,8.0
350,184.54383351425867,36.440558693928466,5.75,8.0,8.0
351,189.1481627395456,24.207149398121672,5.75,8.0,8.0
352,192.9425304934276,11.698795231331182,5.75,8.0,8.0
353,195.91068871066054,-1.0309411135832605,5.75,8.0,8.0
354,198.0399272820783,-13.92754895128811,5.75,8.0,8.0
355,199.32112848123148,-26.93580302709904,5.75,8.0,8.0
356,199.7488060078917,-39.999999999999986,5.75,8.0,8.0
357,199.32112848123148,-53.06419697290093,5.75,8.0,8.0
358,198.0399272820783,-66.07245104871187,5.75,8.0,8.0
359,195.91068871066054,-78.96905888641672,5.75,8.0,8.0
360,192.9425304934276,-91.69879523133116,5.75,8.0,8.0
361,189.14816273954563,-104.20714939812166,5.75,8.0,8.0
362,184.5438335142587,-116.44055869392841,5.75,8.0,8.0
363,179.14925926217896,-128.34663778203975,5.75,8.0,8.0
364,172.98754037844392,-139.87440300394582,5.75,8.0,8.0
365,166.085062289278,-150.97449069919173,5.75,8.0,8.0
366,150.17910385312888,-171.70353931253888,5.75,8.0,8.0
367,141.2437352620964,-181.24373526209638,5.75,8.0,8.0
368,131.7035393125389,-190.17910385312888,5.75,8.0,8.0
369,121.59936858814991,-198.47138246554678,5.75,8.0,8.0
370,110.97449069919176,-206.08506228927797,5.75,8.0,8.0
371,99.87440300394583,-212.98754037844392,5.75,8.0,8.0
372,88.34663778203986,-219.1492592621789,5.75,8.0,8.0
373,76.44055869392848,-224.54383351425867,5.75,8.0,8.0
374,64.20714939812169,-229.1481627395456,5.75,8.0,8.0
375,38.969058886416704,-235.91068871066054,5.75,8.0,8.0
376,26.072451048711947,-238.0399272820783,5.75,8.0,8.0
377,13.064196972900929,-239.32112848123148,5.75,8.0,8.0
378,2.4462173591107014e-14,-239.7488060078917,5.75,8.0,8.0
379,-13.064196972900879,-239.32112848123148,5.75,8.0,8.0
380,-26.0724510487119,-238.0399272820783,5.75,8.0,8.0
381,-38.969058886416654,-235.91068871066054,5.75,8.0,8.0
382,-64.20714939812164,-229.14816273954563,5.75,8.0,8.0
383,-76.44055869392844,-224.5438335142587,5.75,8.0,8.0
384,-88.34663778203982,-219.14925926217893,5.75,8.0,8.0
385,-131.70353931253888,-190.1791038531289,5.75,8.0,8.0
386,-141.24373526209632,-181.24373526209646,5.75,8.0,8.0
387,-150.17910385312888,-171.7035393125389,5.75,8.0,8.0
388,-158.47138246554678,-161.5993685881499,5.75,8.0,8.0
389,-166.08506228927803,-150.97449069919168,5.75,8.0,8.0
390,-184.5438335142587,-116.44055869392841,5.75,8.0,8.0
391,-189.1481627395456,-104.2071493981217,5.75,8.0,8.0
392,-192.9425304934276,-91.69879523133116,5.75,8.0,8.0
393,-195.9106887106605,-78.9690588864168,5.75,8.0,8.0
394,-198.0399272820783,-66.07245104871187,5.75,8.0,8.0
395,-199.32112848123148,-53.06419697290085,5.75,8.0,8.0
396,-199.7488060078917,-40.000000000000036,5.75,8.0,8.0
397,-199.3211284812315,-26.935803027099222,5.75,8.0,8.0
398,-198.03992728207834,-13.927548951288198,5.75,8.0,8.0
399,-195.91068871066054,-1.0309411135832676,5.75,8.0,8.0
400,-192.94253049342763,11.698795231331097,5.75,8.0,8.0
401,-189.14816273954563,24.20714939812163,5.75,8.0,8.0
402,-184.54383351425872,36.44055869392834,5.75,8.0,8.0
403,-179.149259262179,48.346637782039735,5.75,8.0,8.0
404,-172.9875403784439,59.87440300394587,5.75,8.0,8.0
405,-166.08506228927806,70.97449069919163,5.75,8.0,8.0
406,-158.47138246554692,81.59936858814972,5.75,8.0,8.0
407,-150.17910385312885,91.70353931253891,5.75,8.0,8.0
408,-141.24373526209644,101.24373526209635,5.75,8.0,8.0
409,-131.70353931253885,110.17910385312891,5.75,8.0,8.0
410,-121.59936858814991,118.47138246554678,5.75,8.0,8.0
411,-110.97449069919185,126.08506228927794,5.75,8.0,8.0
412,-99.87440300394593,132.98754037844384,5.75,8.0,8.0
413,-88.34663778203982,139.14925926217893,5.75,8.0,8.0
414,-76.44055869392841,144.5438335142587,5.75,8.0,8.0
415,-64.20714939812171,149.1481627395456,5.75,8.0,8.0
416,-51.69879523133135,152.94253049342754,5.75,8.0,8.0
417,-38.96905888641682,155.9106887106605,5.75,8.0,8.0
418,-26.072451048711883,158.0399272820783,5.75,8.0,8.0
419,-13.064196972900865,159.32112848123148,5.75,8.0,8.0
420,169.00082934542658,-165.21228761182152,5.75,8.0,8.0
421,51.80024549515558,-243.85321153974772,5.75,8.0,8.0
422,-100.4094921844036,-224.81702077378506,5.75,8.0,8.0
423,-111.70526694758037,-218.21708847525628,5.75,8.0,8.0
424,-122.5688757336051,-210.92766888314947,5.75,8.0,8.0
425,-183.23312006835403,-143.27158853452227,5.75,8.0,8.0
426,-189.29903061183768,-131.68028303755426,5.75,8.0,8.0
427,0.0,180.91446687638336,5.75,8.0,8.0
428,13.087111728562096,180.5264818154065,5.75,8.0,8.0
429,26.12825449987289,179.36388944415293,5.75,8.0,8.0
430,39.077620824319986,177.43077341072802,5.75,8.0,8.0
431,51.889725580407784,174.73392385570253,5.75,8.0,8.0
432,64.51956578290569,171.28281356149625,5.75,8.0,8.0
433,76.92277865747499,167.08956467888427,5.75,8.0,8.0
434,89.05579746653181,162.1689061475002,5.75,8.0,8.0
435,100.87600453900163,156.5381219598987,5.75,8.0,8.0
436,112.3418809664434,150.21699045090097,5.75,8.0,8.0
437,123.41315243972967,143.22771482547265,5.75,8.0,8.0
438,134.05093071402624,135.59484516915643,5.75,8.0,8.0
439,144.2178502051704,127.34519221500125,5.75,8.0,8.0
440,153.8781992376482,118.50773316988457,5.75,8.0,8.0
441,162.99804548315697,109.11350993101655,5.75,8.0,8.0
442,171.54535514914625,99.19552005014373,5.75,8.0,8.0
443,179.4901054986822,88.78860082844528,5.75,8.0,8.0
444,186.8043903064063,77.9293069492418,5.75,8.0,8.0
445,193.46251788016951,66.6557820783373,5.75,8.0,8.0
446,199.44110130403803,55.0076248830015,5.75,8.0,8.0
447,204.71914058568845,43.02574994020712,5.75,8.0,8.0
448,209.27809641964677,30.752244022685957,5.75,8.0,8.0
449,213.1019553072749,18.230218267604833,5.75,8.0,8.0
450,216.17728580476864,5.503656747123621,5.75,8.0,8.0
451,218.49328570159417,-7.382738027262036,5.75,8.0,8.0
452,220.0418199636462,-20.383702123922696,5.75,8.0,8.0
453,220.8174493078521,-33.45356918230613,5.75,8.0,8.0
454,220.8174493078521,-46.54643081769384,5.75,8.0,8.0
455,220.0418199636462,-59.61629787607728,5.75,8.0,8.0
456,218.4932857015942,-72.61726197273794,5.75,8.0,8.0
457,216.17728580476867,-85.50365674712356,5.75,8.0,8.0
458,213.1019553072749,-98.23021826760476,5.75,8.0,8.0
459,209.27809641964677,-110.75224402268599,5.75,8.0,8.0
460,204.71914058568848,-123.0257499402071,5.75,8.0,8.0
461,199.441101304038,-135.0076248830015,5.75,8.0,8.0
462,186.8043903064063,-157.92930694924183,5.75,8.0,8.0
463,162.99804548315703,-189.1135099310165,5.75,8.0,8.0
464,153.87819923764823,-198.50773316988455,5.75,8.0,8.0
465,134.0509307140262,-215.59484516915646,5.75,8.0,8.0
466,123.4131524397297,-223.22771482547265,5.75,8.0,8.0
467,112.34188096644345,-230.2169904509009,5.75,8.0,8.0
468,89.0557974665319,-242.16890614750017,5.75,8.0,8.0
469,76.92277865747498,-247.08956467888427,5.75,8.0,8.0
470,39.07762082432003,-257.430773410728,5.75,8.0,8.0
471,26.1282544998729,-259.36388944415296,5.75,8.0,8.0
472,13.087111728562064,-260.5264818154065,5.75,8.0,8.0
473,2.7054219474550687e-14,-260.91446687638336,5.75,8.0,8.0
474,-13.087111728562009,-260.5264818154065,5.75,8.0,8.0
475,-26.12825449987294,-259.36388944415296,5.75,8.0,8.0
476,-39.07762082431997,-257.430773410728,5.75,8.0,8.0
477,-51.88972558040772,-254.73392385570256,5.75,8.0,8.0
478,-64.51956578290564,-251.28281356149625,5.75,8.0,8.0
479,-144.21785020517035,-207.34519221500128,5.75,8.0,8.0
480,-153.87819923764818,-198.50773316988457,5.75,8.0,8.0
481,-162.99804548315691,-189.11350993101658,5.75,8.0,8.0
482,-171.54535514914627,-179.1955200501437,5.75,8.0,8.0
483,-179.4901054986822,-168.78860082844528,5.75,8.0,8.0
484,-186.80439030640628,-157.9293069492419,5.75,8.0,8.0
485,-204.71914058568845,-123.02574994020715,5.75,8.0,8.0
486,-209.27809641964677,-110.75224402268609,5.75,8.0,8.0
487,-213.1019553072749,-98.23021826760478,5.75,8.0,8.0
488,-216.17728580476864,-85.5036567471236,5.75,8.0,8.0
489,-218.49328570159417,-72.61726197273805,5.75,8.0,8.0
490,-220.0418199636462,-59.616297876077425,5.75,8.0,8.0
491,-220.8174493078521,-46.546430817693896,5.75,8.0,8.0
492,-220.8174493078521,-33.45356918230619,5.75,8.0,8.0
493,-220.04181996364622,-20.38370212392285,5.75,8.0,8.0
494,-218.49328570159423,-7.382738027262235,5.75,8.0,8.0
495,-216.17728580476864,5.5036567471237134,5.75,8.0,8.0
496,-213.10195530727486,18.230218267604883,5.75,8.0,8.0
497,-209.27809641964677,30.752244022686,5.75,8.0,8.0
498,-204.71914058568848,43.02574994020708,5.75,8.0,8.0
499,-199.44110130403806,55.0076248830014,5.75,8.0,8.0
500,-193.4625178801696,66.65578207833715,5.75,8.0,8.0
501,-186.8043903064063,77.9293069492418,5.75,8.0,8.0
502,-179.49010549868225,88.7886008284452,5.75,8.0,8.0
503,-171.54535514914633,99.19552005014361,5.75,8.0,8.0
504,-162.9980454831571,109.11350993101641,5.75,8.0,8.0
505,-153.87819923764826,118.50773316988452,5.75,8.0,8.0
506,-144.21785020517035,127.34519221500128,5.75,8.0,8.0
507,-134.05093071402624,135.59484516915643,5.75,8.0,8.0
508,-123.4131524397297,143.22771482547262,5.75,8.0,8.0
509,-112.34188096644347,150.21699045090088,5.75,8.0,8.0
510,-100.87600453900177,156.5381219598986,5.75,8.0,8.0
511,-89.05579746653184,162.1689061475002,5.75,8.0,8.0
512,-76.92277865747508,167.08956467888424,5.75,8.0,8.0
513,-64.51956578290564,171.28281356149628,5.75,8.0,8.0
514,-51.8897255804078,174.73392385570253,5.75,8.0,8.0
515,-39.07762082432005,177.430773410728,5.75,8.0,8.0
516,-26.128254499872828,179.36388944415296,5.75,8.0,8.0
517,-13.08711172856209,180.5264818154065,5.75,8.0,8.0
518,203.67780312973096,-150.02886518715172,5.75,8.0,8.0
519,189.9441285737023,-172.33377000033929,5.75,8.0,8.0
520,182.15311487362035,-182.86791593623641,5.75,8.0,8.0
521,155.3882131479371,-211.59691686279538,5.75,8.0,8.0
522,101.28539443198346,-248.1640399706044,5.75,8.0,8.0
523,64.64860272146379,-262.28710450291123,5.75,8.0,8.0
524,51.96915436905414,-265.5885760766517,5.75,8.0,8.0
525,-89.34627980564781,-253.5608600540294,5.75,8.0,8.0
526,-101.28539443198349,-248.16403997060436,5.75,8.0,8.0
527,-112.90006140491558,-242.10040771085085,5.75,8.0,8.0
528,-124.15307544459523,-235.38938691693184,5.75,8.0,8.0
529,-135.00838975454843,-228.05247501165675,5.75,8.0,8.0
530,-203.67780312973093,-150.02886518715175,5.75,8.0,8.0
531,-209.57647088571198,-138.3295556443543,5.75,8.0,8.0
532,0.0,202.08012774487503,5.75,8.0,8.0
533,13.105953906325986,201.7250963826062,5.75,8.0,8.0
534,26.17346579171832,200.66104366395646,5.75,8.0,8.0
535,39.16420639231422,198.89109063888344,5.75,8.0,8.0
536,52.04007162765673,196.42042888456862,5.75,8.0,8.0
537,64.76329436652794,193.25630527762686,5.75,8.0,8.0
538,77.2965552044521,189.40800073776873,5.75,8.0,8.0
539,89.60309192793886,184.88680300526386,5.75,8.0,8.0
540,101.64680734438966,179.70597353205383,5.75,8.0,8.0
541,113.3923751613829,173.88070858362894,5.75,8.0,8.0
542,124.80534360477648,167.4280946657629,5.75,8.0,8.0
543,135.85223647169704,160.3670584068477,5.75,8.0,8.0
544,146.50065132201118,152.71831104283143,5.75,8.0,8.0
545,156.7193545202649,144.50428766759472,5.75,8.0,8.0
546,166.47837284931813,135.7490814269549,5.75,8.0,8.0
547,175.7490814269549,126.47837284931816,5.75,8.0,8.0
548,184.50428766759472,116.71935452026489,5.75,8.0,8.0
549,192.71831104283143,106.50065132201115,5.75,8.0,8.0
550,200.3670584068477,95.85223647169707,5.75,8.0,8.0
551,207.4280946657629,84.80534360477648,5.75,8.0,8.0
552,213.88070858362894,73.39237516138292,5.75,8.0,8.0
553,219.70597353205383,61.64680734438966,5.75,8.0,8.0
554,224.88680300526386,49.60309192793892,5.75,8.0,8.0
555,229.4080007377687,37.29655520445215,5.75,8.0,8.0
556,233.2563052776269,24.76329436652793,5.75,8.0,8.0
557,236.42042888456862,12.040071627656708,5.75,8.0,8.0
558,238.89109063888344,-0.8357936076858081,5.75,8.0,8.0
559,240.66104366395646,-13.826534208281657,5.75,8.0,8.0
560,241.7250963826062,-26.894046093673992,5.75,8.0,8.0
561,242.08012774487503,-39.999999999999986,5.75,8.0,8.0
562,241.72509638260624,-53.10595390632592,5.75,8.0,8.0
563,240.66104366395646,-66.17346579171831,5.75,8.0,8.0
564,238.89109063888344,-79.16420639231421,5.75,8.0,8.0
565,236.42042888456862,-92.04007162765674,5.75,8.0,8.0
566,229.40800073776873,-117.29655520445206,5.75,8.0,8.0
567,224.88680300526386,-129.60309192793883,5.75,8.0,8.0
568,219.70597353205383,-141.64680734438969,5.75,8.0,8.0
569,207.42809466576293,-164.80534360477643,5.75,8.0,8.0
570,184.50428766759472,-196.71935452026486,5.75,8.0,8.0
571,175.74908142695492,-206.47837284931808,5.75,8.0,8.0
572,146.50065132201124,-232.71831104283137,5.75,8.0,8.0
573,135.8522364716971,-240.36705840684766,5.75,8.0,8.0
574,113.39237516138293,-253.88070858362892,5.75,8.0,8.0
575,89.60309192793888,-264.88680300526386,5.75,8.0,8.0
576,77.29655520445205,-269.4080007377687,5.75,8.0,8.0
577,26.173465791718357,-280.66104366395643,5.75,8.0,8.0
578,13.105953906326075,-281.72509638260624,5.75,8.0,8.0
579,-13.105953906325908,-281.72509638260624,5.75,8.0,8.0
580,-26.173465791718193,-280.6610436639565,5.75,8.0,8.0
581,-52.040071627656715,-276.42042888456865,5.75,8.0,8.0
582,-64.763294366528,-273.2563052776269,5.75,8.0,8.0
583,-156.71935452026486,-224.50428766759472,5.75,8.0,8.0
584,-166.47837284931808,-215.74908142695494,5.75,8.0,8.0
585,-175.74908142695483,-206.47837284931822,5.75,8.0,8.0
586,-184.50428766759475,-196.71935452026483,5.75,8.0,8.0
587,-192.71831104283137,-186.50065132201124,5.75,8.0,8.0
588,-200.36705840684766,-175.8522364716971,5.75,8.0,8.0
589,-207.4280946657629,-164.80534360477648,5.75,8.0,8.0
590,-224.88680300526386,-129.6030919279389,5.75,8.0,8.0
591,-229.40800073776867,-117.29655520445226,5.75,8.0,8.0
592,-233.25630527762684,-104.76329436652807,5.75,8.0,8.0
593,-236.42042888456865,-92.04007162765657,5.75,8.0,8.0
594,-238.89109063888344,-79.16420639231423,5.75,8.0,8.0
595,-240.66104366395646,-66.17346579171826,5.75,8.0,8.0
596,-241.7250963826062,-53.10595390632609,5.75,8.0,8.0
597,-242.08012774487503,-40.00000000000004,5.75,8.0,8.0
598,-241.72509638260624,-26.894046093674213,5.75,8.0,8.0
599,-240.66104366395646,-13.826534208281611,5.75,8.0,8.0
600,-238.89109063888347,-0.835793607685865,5.75,8.0,8.0
601,-236.42042888456862,12.040071627656701,5.75,8.0,8.0
602,-233.25630527762692,24.763294366527774,5.75,8.0,8.0
603,-229.40800073776876,37.29655520445198,5.75,8.0,8.0
604,-224.88680300526386,49.603091927938806,5.75,8.0,8.0
605,-219.70597353205383,61.64680734438964,5.75,8.0,8.0
606,-213.88070858362892,73.39237516138296,5.75,8.0,8.0
607,-207.42809466576296,84.8053436047764,5.75,8.0,8.0
608,-200.36705840684772,95.85223647169704,5.75,8.0,8.0
609,-192.71831104283143,106.50065132201118,5.75,8.0,8.0
610,-184.50428766759467,116.71935452026494,5.75,8.0,8.0
611,-175.74908142695494,126.47837284931808,5.75,8.0,8.0
612,-166.47837284931813,135.7490814269549,5.75,8.0,8.0
613,-156.71935452026503,144.5042876675946,5.75,8.0,8.0
614,-146.5006513220111,152.7183110428315,5.75,8.0,8.0
615,-135.85223647169713,160.36705840684766,5.75,8.0,8.0
616,-124.80534360477648,167.4280946657629,5.75,8.0,8.0
617,-113.39237516138306,173.88070858362886,5.75,8.0,8.0
618,-101.64680734438974,179.7059735320538,5.75,8.0,8.0
619,-89.6030919279391,184.88680300526377,5.75,8.0,8.0
620,-77.29655520445208,189.40800073776873,5.75,8.0,8.0
621,-64.76329436652787,193.2563052776269,5.75,8.0,8.0
622,-52.0400716276568,196.42042888456862,5.75,8.0,8.0
623,-39.16420639231424,198.89109063888344,5.75,8.0,8.0
624,-26.173465791718495,200.66104366395643,5.75,8.0,8.0
625,-13.105953906325889,201.72509638260624,5.75,8.0,8.0
626,244.33208558699977,-104.3459586029394,5.75,8.0,8.0
627,205.9274707568085,-186.39824870375995,5.75,8.0,8.0
628,198.11802989651179,-196.80502755252792,5.75,8.0,8.0
629,171.62721121799868,-225.42564764712742,5.75,8.0,8.0
630,161.85416751924714,-234.01494502351014,5.75,8.0,8.0
631,130.0690720787909,-256.6116500199989,5.75,8.0,8.0
632,107.10746397145306,-268.83741301943627,5.75,8.0,8.0
633,70.61566727017733,-282.59430737717605,5.75,8.0,8.0
634,58.03358438450262,-285.907855749488,5.75,8.0,8.0
635,45.29760686571811,-288.56930069512407,5.75,8.0,8.0
636,-45.29760686571783,-288.5693006951242,5.75,8.0,8.0
637,-83.01049010080592,-278.6374425127964,5.75,8.0,8.0
638,-95.185184034455,-274.0477540506448,5.75,8.0,8.0
639,-107.10746397145302,-268.8374130194363,5.75,8.0,8.0
640,-118.74571416867109,-263.0202363069245,5.75,8.0,8.0
641,-141.04751019223042,-249.62864857742326,5.75,8.0,8.0
642,-151.65191566470335,-242.08974964369145,5.75,8.0,8.0
643,-226.00375224893796,-152.96404031914244,5.75,8.0,8.0
644,-231.51933971722158,-141.17986841623156,5.75,8.0,8.0
645,0.0,223.2457886133667,5.75,8.0,8.0
646,13.018483500925992,222.92368533475536,5.75,8.0,8.0
647,26.005108591198702,221.95816373961952,5.75,8.0,8.0
648,38.928094823034286,220.35158662109626,5.75,8.0,8.0
649,51.755817483599536,218.1078855426112,5.75,8.0,8.0
650,64.45688498598362,215.2325512166836,5.75,8.0,8.0
651,77.00021568967155,211.73262006823313,5.75,8.0,8.0
652,89.35511396252696,207.6166570152686,5.75,8.0,8.0
653,101.49134529814759,202.89473450909867,5.75,8.0,8.0
654,113.37921030476897,197.5784078853554,5.75,8.0,8.0
655,124.98961738465282,191.68068708615192,5.75,8.0,8.0
656,136.29415392610153,185.21600482257358,5.75,8.0,8.0
657,147.26515583388039,178.2001812554157,5.75,8.0,8.0
658,157.875775227894,170.6503852805991,5.75,8.0,8.0
659,168.10004614444802,162.58509251400457,5.75,8.0,8.0
660,177.91294807931345,154.02404007854506,5.75,8.0,8.0
661,187.2904672170933,144.98817830411824,5.75,8.0,8.0
662,196.20965519705263,135.49961945863893,5.75,8.0,8.0
663,204.64868527160291,125.58158363561378,5.75,8.0,8.0
664,212.58690572001103,115.25834193068172,5.75,8.0,8.0
665,220.00489038662047,104.55515704617548,5.75,8.0,8.0
666,226.88448621990932,93.49822146905603,5.75,8.0,8.0
667,233.20885769604942,82.11459337350763,5.75,8.0,8.0
668,238.96252801825446,70.43213040505144,5.75,8.0,8.0
669,244.13141699109502,58.47942150821878,5.75,8.0,8.0
670,248.70287547709611,46.28571696461334,5.75,8.0,8.0
671,252.66571635129648,33.88085681257043,5.75,8.0,8.0
672,256.0102418780178,21.29519782358294,5.75,8.0,8.0
673,258.7282674428492,8.559539214194167,5.75,8.0,8.0
674,260.81314158176986,-4.294952724845473,5.75,8.0,8.0
675,262.25976225839645,-17.236820897714818,5.75,8.0,8.0
676,263.06458934952093,-30.234394384307123,5.75,8.0,8.0
677,263.2256533083853,-43.25586594427799,5.75,8.0,8.0
678,262.74255998449235,-56.26936985469295,5.75,8.0,8.0
679,261.6164915881584,-69.24305989079107,5.75,8.0,8.0
680,259.8502037974462,-82.14518725903366,5.75,8.0,8.0
681,257.4480190145591,-94.94417829172218,5.75,8.0,8.0
682,250.76101442777,-120.10779528753157,5.75,8.0,8.0
683,246.4925588446431,-132.41084166315937,5.75,8.0,8.0
684,241.62089466490104,-144.48774322381612,5.75,8.0,8.0
685,236.15794366714374,-156.30894576763865,5.75,8.0,8.0
686,230.1170746078974,-167.84552083110592,5.75,8.0,8.0
687,223.51307050602736,-179.06923648183658,5.75,8.0,8.0
688,200.49050885133656,-210.5927931748744,5.75,8.0,8.0
689,191.8087437010035,-220.29906007108326,5.75,8.0,8.0
690,119.22088861086246,-274.70135266229227,5.75,8.0,8.0
691,95.45243260976983,-285.33075292663716,5.75,8.0,8.0
692,83.20312021725069,-289.7510480634407,5.75,8.0,8.0
693,32.47653766826106,-301.23479807207036,5.75,8.0,8.0
694,19.51776736542389,-302.5212410067851,5.75,8.0,8.0
695,6.511233815222174,-303.165250473684,5.75,8.0,8.0
696,-6.5112338152222256,-303.165250473684,5.75,8.0,8.0
697,-19.517767365423705,-302.5212410067851,5.75,8.0,8.0
698,-32.476537668261116,-301.23479807207036,5.75,8.0,8.0
699,-58.12413389197664,-296.74876880324257,5.75,8.0,8.0
700,-70.75019584708997,-293.56016053448093,5.75,8.0,8.0
701,-130.6818668246857,-268.51825945838215,5.75,8.0,8.0
702,-173.05944339337236,-238.36525470719283,5.75,8.0,8.0
703,-182.6575904131596,-229.5641049543182,5.75,8.0,8.0
704,-191.80874370100352,-220.29906007108323,5.75,8.0,8.0
705,-200.49050885133644,-210.59279317487454,5.75,8.0,8.0
706,-208.68164013001947,-200.46905712728045,5.75,8.0,8.0
707,-216.36209246621354,-189.95262640685888,5.75,8.0,8.0
708,-223.51307050602733,-179.06923648183664,5.75,8.0,8.0
709,-230.1170746078974,-167.8455208311059,5.75,8.0,8.0
710,-246.49255884464304,-132.4108416631595,5.75,8.0,8.0
711,-250.76101442776996,-120.10779528753169,5.75,8.0,8.0
712,-254.41581578819847,-107.60871171305372,5.75,8.0,8.0
713,-257.4480190145591,-94.94417829172218,5.75,8.0,8.0
714,-259.85020379744617,-82.1451872590339,5.75,8.0,8.0
715,-261.6164915881584,-69.24305989079124,5.75,8.0,8.0
716,-262.74255998449235,-56.26936985469284,5.75,8.0,8.0
717,-263.2256533083853,-43.25586594427811,5.75,8.0,8.0
718,-263.06458934952093,-30.234394384307247,5.75,8.0,8.0
719,-262.2597622583965,-17.236820897714942,5.75,8.0,8.0
720,-260.81314158176986,-4.29495272484548,5.75,8.0,8.0
721,-258.7282674428492,8.55953921419416,5.75,8.0,8.0
722,-256.0102418780178,21.29519782358293,5.75,8.0,8.0
723,-252.66571635129645,33.88085681257053,5.75,8.0,8.0
724,-248.70287547709617,46.28571696461323,5.75,8.0,8.0
725,-244.13141699109508,58.479421508218664,5.75,8.0,8.0
726,-238.96252801825443,70.43213040505154,5.75,8.0,8.0
727,-233.20885769604945,82.11459337350757,5.75,8.0,8.0
728,-226.88448621990932,93.49822146905603,5.75,8.0,8.0
729,-220.00489038662047,104.55515704617551,5.75,8.0,8.0
730,-212.58690572001117,115.25834193068155,5.75,8.0,8.0
731,-204.648685271603,125.58158363561367,5.75,8.0,8.0
732,-196.20965519705254,135.499619458639,5.75,8.0,8.0
733,-187.29046721709338,144.98817830411815,5.75,8.0,8.0
734,-177.91294807931354,154.02404007854497,5.75,8.0,8.0
735,-168.10004614444804,162.58509251400454,5.75,8.0,8.0
736,-157.87577522789417,170.65038528059898,5.75,8.0,8.0
737,-147.26515583388036,178.20018125541574,5.75,8.0,8.0
738,-136.2941539261015,185.2160048225736,5.75,8.0,8.0
739,-124.98961738465293,191.68068708615183,5.75,8.0,8.0
740,-113.37921030476907,197.57840788535538,5.75,8.0,8.0
741,-101.49134529814766,202.89473450909864,5.75,8.0,8.0
742,-89.35511396252721,207.6166570152685,5.75,8.0,8.0
743,-77.00021568967156,211.73262006823313,5.75,8.0,8.0
744,-64.4568849859836,215.23255121668362,5.75,8.0,8.0
745,-51.75581748359972,218.10788554261114,5.75,8.0,8.0
746,-38.928094823034435,220.35158662109626,5.75,8.0,8.0
747,-26.005108591198827,221.95816373961952,5.75,8.0,8.0
748,-13.018483500925852,222.92368533475536,5.75,8.0,8.0
749,6.537924442614947,234.65148067595112,5.75,8.0,8.0
750,257.4075284682005,56.00804435776331,5.75,8.0,8.0
751,261.684219731739,43.65135645583176,5.75,8.0,8.0
752,265.36811207104694,31.105171326408765,5.75,8.0,8.0
753,265.36811207104705,-111.10517132640861,5.75,8.0,8.0
754,227.51685960084046,-193.98785306276966,5.75,8.0,8.0
755,219.93212310645404,-204.6391251173221,5.75,8.0,8.0
756,194.26294074463829,-234.26294074463826,5.75,8.0,8.0
757,184.79950382927916,-243.28630961764725,5.75,8.0,8.0
758,174.9174365999461,-251.8491696155865,5.75,8.0,8.0
759,164.63912511732204,-259.93212310645407,5.75,8.0,8.0
760,153.9878530627696,-267.51685960084046,5.75,8.0,8.0
761,142.98774899330334,-274.586197231077,5.75,8.0,8.0
762,131.66373168264775,-281.124121673692,5.75,8.0,8.0
763,108.14724315977473,-292.5477263616726,5.75,8.0,8.0
764,71.10517132640878,-305.36811207104694,5.75,8.0,8.0
765,58.3979101140918,-308.45086028511093,5.75,8.0,8.0
766,45.55835885261405,-310.92548095770934,5.75,8.0,8.0
767,-83.6513564558317,-301.68421973173906,5.75,8.0,8.0
768,-96.0080443577632,-297.4075284682005,5.75,8.0,8.0
769,-108.14724315977466,-292.54772636167263,5.75,8.0,8.0
770,-120.04145367220045,-287.1158224270041,5.75,8.0,8.0
771,-142.98774899330328,-274.58619723107705,5.75,8.0,8.0
772,-153.98785306276955,-267.5168596008405,5.75,8.0,8.0
773,-164.63912511732207,-259.932123106454,5.75,8.0,8.0
774,-174.91743659994611,-251.84916961558648,5.75,8.0,8.0
775,-247.1158224270041,-160.04145367220053,5.75,8.0,8.0
776,-252.5477263616726,-148.14724315977463,5.75,8.0,8.0
777,-265.36811207104694,31.105171326408808,5.75,8.0,8.0
778,-261.68421973173906,43.65135645583169,5.75,8.0,8.0
779,-6.537924442614807,234.65148067595112,5.75,8.0,8.0
780,0.0,246.21278232173006,5.75,8.0,8.0
781,26.026719951458503,245.02695769508256,5.75,8.0,8.0
782,38.972635497263425,243.54698102209358,5.75,8.0,8.0
783,51.83777430462375,241.4793099314565,5.75,8.0,8.0
784,64.59547140877034,238.82822998725356,5.75,8.0,8.0
785,77.21928453427101,235.59923595750644,5.75,8.0,8.0
786,89.68304890068426,231.79902042543034,5.75,8.0,8.0
787,101.9609314530623,227.43545991803325,5.75,8.0,8.0
788,114.02748440490232,222.51759858081095,5.75,8.0,8.0
789,125.85769798257002,217.05562943237447,5.75,8.0,8.0
790,137.42705226187462,211.0608732378624,5.75,8.0,8.0
791,148.7115679893562,204.54575504492635,5.75,8.0,8.0
792,159.68785628295012,197.5237784309224,5.75,8.0,8.0
793,170.33316710901678,190.0094975146848,5.75,8.0,8.0
794,180.62543643526064,182.0184867908924,5.75,8.0,8.0
795,190.54333196180608,173.56730884954985,5.75,8.0,8.0
796,200.06629733564682,164.67348004749073,5.75,8.0,8.0
797,209.1745947568264,155.3554342030533,5.75,8.0,8.0
798,217.84934588804282,145.63248438917662,5.75,8.0,8.0
799,226.0725709828854,135.5247829041081,5.75,8.0,8.0
800,233.82722615160472,125.05327950268764,5.75,8.0,8.0
801,241.09723868717705,114.2396779747819,5.75,8.0,8.0
802,247.8675403784439,103.10639116086506,5.75,8.0,8.0
803,254.12409874128076,91.6764944979848,5.75,8.0,8.0
804,259.8539461030632,79.97367819239493,5.75,8.0,8.0
805,265.04520648014886,68.02219811798545,5.75,8.0,8.0
806,280.2263808624903,18.231711575880595,5.75,8.0,8.0
807,282.58636788832297,5.416973127140906,5.75,8.0,8.0
808,284.3606515139191,-7.49189893387382,5.75,8.0,8.0
809,285.54555426552014,-20.468148998547896,5.75,8.0,8.0
810,286.13862025123086,-33.48488180706396,5.75,8.0,8.0
811,285.54555426552014,-59.53185100145207,5.75,8.0,8.0
812,284.36065151391915,-72.50810106612614,5.75,8.0,8.0
813,282.58636788832297,-85.4169731271408,5.75,8.0,8.0
814,280.2263808624904,-98.2317115758805,5.75,8.0,8.0
815,273.7700661655968,-123.4727957842002,5.75,8.0,8.0
816,269.6871201926666,-135.84682554227984,5.75,8.0,8.0
817,265.04520648014886,-148.02219811798543,5.75,8.0,8.0
818,259.8539461030633,-159.97367819239486,5.75,8.0,8.0
819,254.12409874128076,-171.67649449798475,5.75,8.0,8.0
820,217.84934588804285,-225.63248438917662,5.75,8.0,8.0
821,101.96093145306233,-307.43545991803325,5.75,8.0,8.0
822,89.68304890068433,-311.79902042543034,5.75,8.0,8.0
823,38.97263549726345,-323.5469810220936,5.75,8.0,8.0
824,26.02671995145857,-325.02695769508256,5.75,8.0,8.0
825,3.505095677453649e-14,-326.21278232173006,5.75,8.0,8.0
826,-13.02686005410363,-325.9161724727666,5.75,8.0,8.0
827,-26.026719951458503,-325.02695769508256,5.75,8.0,8.0
828,-38.972635497263376,-323.5469810220936,5.75,8.0,8.0
829,-51.83777430462366,-321.4793099314565,5.75,8.0,8.0
830,-64.59547140877032,-318.82822998725356,5.75,8.0,8.0
831,-77.21928453427094,-315.5992359575065,5.75,8.0,8.0
832,-137.4270522618746,-291.06087323786244,5.75,8.0,8.0
833,-190.54333196180605,-253.56730884954985,5.75,8.0,8.0
834,-200.06629733564677,-244.6734800474908,5.75,8.0,8.0
835,-209.17459475682634,-235.3554342030534,5.75,8.0,8.0
836,-217.84934588804273,-225.63248438917677,5.75,8.0,8.0
837,-226.07257098288542,-215.52478290410806,5.75,8.0,8.0
838,-233.82722615160472,-205.05327950268764,5.75,8.0,8.0
839,-241.09723868717703,-194.23967797478193,5.75,8.0,8.0
840,-247.86754037844383,-183.10639116086514,5.75,8.0,8.0
841,-254.1240987412807,-171.67649449798495,5.75,8.0,8.0
842,-269.6871201926666,-135.84682554227993,5.75,8.0,8.0
843,-273.77006616559675,-123.4727957842004,5.75,8.0,8.0
844,-277.2855818699178,-110.9257559100159,5.75,8.0,8.0
845,-280.2263808624904,-98.23171157588051,5.75,8.0,8.0
846,-282.58636788832297,-85.41697312714088,5.75,8.0,8.0
847,-284.3606515139191,-72.50810106612622,5.75,8.0,8.0
848,-285.54555426552014,-59.5318510014522,5.75,8.0,8.0
849,-286.13862025123086,-46.51511819293621,5.75,8.0,8.0
850,-286.13862025123086,-33.4848818070639,5.75,8.0,8.0
851,-285.54555426552014,-20.468148998547903,5.75,8.0,8.0
852,-284.36065151391915,-7.491898933873891,5.75,8.0,8.0
853,-282.58636788832297,5.416973127140771,5.75,8.0,8.0
854,-280.2263808624904,18.231711575880404,5.75,8.0,8.0
855,-269.6871201926666,55.84682554227982,5.75,8.0,8.0
856,-265.04520648014886,68.02219811798538,5.75,8.0,8.0
857,-259.8539461030633,79.9736781923948,5.75,8.0,8.0
858,-254.12409874128087,91.6764944979846,5.75,8.0,8.0
859,-247.8675403784439,103.10639116086506,5.75,8.0,8.0
860,-241.09723868717708,114.23967797478184,5.75,8.0,8.0
861,-233.8272261516048,125.05327950268759,5.75,8.0,8.0
862,-226.0725709828855,135.524782904108,5.75,8.0,8.0
863,-217.84934588804296,145.6324843891765,5.75,8.0,8.0
864,-209.17459475682656,155.35543420305314,5.75,8.0,8.0
865,-200.06629733564682,164.67348004749073,5.75,8.0,8.0
866,-190.54333196180613,173.56730884954976,5.75,8.0,8.0
867,-180.62543643526072,182.0184867908923,5.75,8.0,8.0
868,-170.33316710901693,190.0094975146847,5.75,8.0,8.0
869,-159.6878562829503,197.52377843092225,5.75,8.0,8.0
870,-148.7115679893562,204.54575504492635,5.75,8.0,8.0
871,-137.4270522618747,211.06087323786238,5.75,8.0,8.0
872,-125.85769798257012,217.05562943237442,5.75,8.0,8.0
873,-114.02748440490245,222.5175985808109,5.75,8.0,8.0
874,-101.96093145306249,227.43545991803313,5.75,8.0,8.0
875,-89.68304890068424,231.79902042543034,5.75,8.0,8.0
876,-77.21928453427104,235.59923595750644,5.75,8.0,8.0
877,-64.59547140877042,238.82822998725356,5.75,8.0,8.0
878,-51.837774304623885,241.47930993145644,5.75,8.0,8.0
879,-38.9726354972636,243.54698102209352,5.75,8.0,8.0
880,-26.02671995145848,245.02695769508256,5.75,8.0,8.0
881,6.5396168809742035,257.6244412783205,5.75,8.0,8.0
882,19.606227424502812,257.0499461056357,5.75,8.0,8.0
883,278.35085641648925,65.56455545015739,5.75,8.0,8.0
884,286.5415227035155,40.728126461185155,5.75,8.0,8.0
885,289.8108918043888,28.064099397018552,5.75,8.0,8.0
886,297.5346520325282,-49.80843897186318,5.75,8.0,8.0
887,288.24576462221137,-114.41406999041983,5.75,8.0,8.0
888,258.8956416110311,-186.9561886753835,5.75,8.0,8.0
889,252.19083620589413,-198.18614594506772,5.75,8.0,8.0
890,237.33471881239763,-219.70894769438314,5.75,8.0,8.0
891,220.64700650311894,-239.84487272981255,5.75,8.0,8.0
892,211.65602185018142,-249.34374375590474,5.75,8.0,8.0
893,202.2564841822418,-258.43852508525356,5.75,8.0,8.0
894,182.3050779335267,-275.3464110515245,5.75,8.0,8.0
895,160.94675972715467,-290.4380465674334,5.75,8.0,8.0
896,149.79112801606024,-297.2658014638919,5.75,8.0,8.0
897,138.34635916425702,-303.59696421085124,5.75,8.0,8.0
898,126.6345446519663,-309.4193139624024,5.75,8.0,8.0
899,114.67829142931552,-314.72161201848564,5.75,8.0,8.0
900,64.8766033730513,-330.5410486832423,5.75,8.0,8.0
901,52.05219909043826,-333.11029187838454,5.75,8.0,8.0
902,13.07607757652967,-337.40896225634316,5.75,8.0,8.0
903,-90.12521126726861,-323.7261371978489,5.75,8.0,8.0
904,-102.500678278848,-319.49362351860276,5.75,8.0,8.0
905,-114.67829142931545,-314.72161201848564,5.75,8.0,8.0
906,-126.63454465196622,-309.4193139624024,5.75,8.0,8.0
907,-149.79112801606033,-297.2658014638919,5.75,8.0,8.0
908,-160.9467597271547,-290.4380465674334,5.75,8.0,8.0
909,-171.7917209297205,-283.12687892371633,5.75,8.0,8.0
910,-182.3050779335266,-275.34641105152457,5.75,8.0,8.0
911,-192.46653713358094,-267.11166134522966,5.75,8.0,8.0
912,-270.79406043640023,-163.6675036844748,5.75,8.0,8.0
913,-275.96470671002174,-151.65372938524746,5.75,8.0,8.0
914,-289.8108918043888,28.064099397018467,5.75,8.0,8.0
915,-286.54152270351557,40.728126461184885,5.75,8.0,8.0
916,-282.7190514418792,53.236326541678295,5.75,8.0,8.0
917,-278.3508564164893,65.56455545015731,5.75,8.0,8.0
918,-19.606227424503036,257.0499461056357,5.75,8.0,8.0
919,-6.539616880974416,257.6244412783205,5.75,8.0,8.0
920,0.0,269.1797760300934,5.75,8.0,8.0
921,13.033947225261567,268.9049208506524,5.75,8.0,8.0
922,39.009187348027744,266.7090106411372,5.75,8.0,8.0
923,51.90429721650867,264.7918598592801,5.75,8.0,8.0
924,64.70712313868248,262.3328002733645,5.75,8.0,8.0
925,77.39490215727314,259.33620400159555,5.75,8.0,8.0
926,89.94507586420085,255.80739888278976,5.75,8.0,8.0
927,102.3353305086082,251.75265900367157,5.75,8.0,8.0
928,114.54363666989508,247.17919354377642,5.75,8.0,8.0
929,126.54828842522453,242.09513395779254,5.75,8.0,8.0
930,138.32794194186138,236.50951951813119,5.75,8.0,8.0
931,149.86165342572806,230.4322812434301,5.75,8.0,8.0
932,161.12891635870608,223.87422424156517,5.75,8.0,8.0
933,172.1096979584768,216.84700849856245,5.75,8.0,8.0
934,182.78447479607763,209.36312814756874,5.75,8.0,8.0
935,193.13426750784603,201.4358892547388,5.75,8.0,8.0
936,203.1406745400355,193.07938616153535,5.75,8.0,8.0
937,212.78590486610662,184.30847642550415,5.75,8.0,8.0
938,222.05280961852316,175.13875440407907,5.75,8.0,8.0
939,230.92491257881252,165.58652352838337,5.75,8.0,8.0
940,239.38643947168103,155.66876731632448,5.75,8.0,8.0
941,247.42234601109965,145.40311917651874,5.75,8.0,8.0
942,255.0183446484958,134.80783105673427,5.75,8.0,8.0
943,262.16092997549293,123.90174099259417,5.75,8.0,8.0
944,268.83740273603405,112.70423961423651,5.75,8.0,8.0
945,275.0358924051955,101.2352356704815,5.75,8.0,8.0
946,280.74537829454704,89.51512063180274,5.75,8.0,8.0
947,285.95570914653365,77.56473243503667,5.75,8.0,8.0
948,294.8427545760557,53.05849762392738,5.75,8.0,8.0
949,304.22774453951416,15.11454761148692,5.75,8.0,8.0
950,306.28072983417377,2.2403650346985557,5.75,8.0,8.0
951,307.78915916829277,-10.708919369643532,5.75,8.0,8.0
952,308.7503506095623,-23.71028224642687,5.75,8.0,8.0
953,309.16259519467644,-36.740607646915294,5.75,8.0,8.0
954,308.33828928377176,-62.7954659433801,5.75,8.0,8.0
955,307.10320437358115,-75.77367425212546,5.75,8.0,8.0
956,305.3221011731334,-88.68827827353954,5.75,8.0,8.0
957,302.9981464189211,-101.5163163129649,5.75,8.0,8.0
958,292.8152719711555,-139.25396922278208,5.75,8.0,8.0
959,288.3707613744002,-151.5098107359503,5.75,8.0,8.0
960,283.4135380874372,-163.5673918749584,5.75,8.0,8.0
961,277.9524158723667,-175.4052747005582,5.75,8.0,8.0
962,271.9971044051944,-187.002411889086,5.75,8.0,8.0
963,265.55819201238165,-198.33818415383504,5.75,8.0,8.0
964,251.27619652527403,-220.14551608577608,5.75,8.0,8.0
965,235.20795573058598,-240.67224887128123,5.75,8.0,8.0
966,198.18152085840305,-277.310384720663,5.75,8.0,8.0
967,177.48653633462428,-293.1613385293198,5.75,8.0,8.0
968,108.46359180702886,-329.530280209751,5.75,8.0,8.0
969,96.16157703363113,-333.84534198864503,5.75,8.0,8.0
970,83.6885904854925,-337.63795747278317,5.75,8.0,8.0
971,45.466848205001384,-345.8184095510309,5.75,8.0,8.0
972,32.53418533595796,-347.46326722154026,5.75,8.0,8.0
973,6.518422463306716,-349.11105459787194,5.75,8.0,8.0
974,-6.518422463306777,-349.11105459787194,5.75,8.0,8.0
975,-19.543677872657344,-348.56146642318856,5.75,8.0,8.0
976,-32.53418533595788,-347.46326722154026,5.75,8.0,8.0
977,-45.46684820500145,-345.8184095510309,5.75,8.0,8.0
978,-58.31867267715836,-343.629817908573,5.75,8.0,8.0
979,-71.06680867751896,-340.90138353023843,5.75,8.0,8.0
980,-83.68859048549243,-337.63795747278317,5.75,8.0,8.0
981,-217.467693817148,-259.7724642712774,5.75,8.0,8.0
982,-235.20795573058604,-240.6722488712812,5.75,8.0,8.0
983,-243.45850629776228,-230.57830311260824,5.75,8.0,8.0
984,-251.27619652527406,-220.145516085776,5.75,8.0,8.0
985,-258.64712684518753,-209.39243690539496,5.75,8.0,8.0
986,-265.5581920123816,-198.3381841538351,5.75,8.0,8.0
987,-271.99710440519436,-187.0024118890861,5.75,8.0,8.0
988,-277.95241587236677,-175.40527470055818,5.75,8.0,8.0
989,-292.8152719711555,-139.25396922278202,5.75,8.0,8.0
990,-296.7391677000556,-126.8216577744115,5.75,8.0,8.0
991,-300.13547201768927,-114.23498058690113,5.75,8.0,8.0
992,-302.9981464189211,-101.5163163129651,5.75,8.0,8.0
993,-305.3221011731334,-88.68827827353968,5.75,8.0,8.0
994,-307.1032043735811,-75.77367425212555,5.75,8.0,8.0
995,-308.33828928377176,-62.79546594338004,5.75,8.0,8.0
996,-309.025159967807,-49.77672812806256,5.75,8.0,8.0
997,-309.16259519467644,-36.7406076469153,5.75,8.0,8.0
998,-308.7503506095623,-23.710282246427084,5.75,8.0,8.0
999,-307.7891591682928,-10.708919369643674,5.75,8.0,8.0
1000,-306.28072983417377,2.2403650346985415,5.75,8.0,8.0
1001,-304.22774453951416,15.114547611486977,5.75,8.0,8.0
1002,-285.9557091465337,77.5647324350366,5.75,8.0,8.0
1003,-280.74537829454704,89.51512063180274,5.75,8.0,8.0
1004,-275.03589240519557,101.23523567048139,5.75,8.0,8.0
1005,-268.83740273603405,112.70423961423646,5.75,8.0,8.0
1006,-262.16092997549305,123.90174099259394,5.75,8.0,8.0
1007,-255.01834464849574,134.80783105673433,5.75,8.0,8.0
1008,-247.42234601109973,145.40311917651863,5.75,8.0,8.0
1009,-239.38643947168103,155.66876731632448,5.75,8.0,8.0
1010,-230.92491257881267,165.5865235283832,5.75,8.0,8.0
1011,-222.05280961852324,175.13875440407895,5.75,8.0,8.0
1012,-212.78590486610662,184.30847642550415,5.75,8.0,8.0
1013,-203.1406745400354,193.0793861615354,5.75,8.0,8.0
1014,-193.13426750784612,201.43588925473873,5.75,8.0,8.0
1015,-182.7844747960777,209.36312814756872,5.75,8.0,8.0
1016,-172.10969795847697,216.84700849856233,5.75,8.0,8.0
1017,-161.12891635870594,223.8742242415653,5.75,8.0,8.0
1018,-149.86165342572812,230.4322812434301,5.75,8.0,8.0
1019,-138.32794194186135,236.50951951813119,5.75,8.0,8.0
1020,-126.54828842522465,242.09513395779248,5.75,8.0,8.0
1021,-114.54363666989511,247.17919354377642,5.75,8.0,8.0
1022,-102.33533050860841,251.75265900367145,5.75,8.0,8.0
1023,-89.9450758642007,255.8073988827898,5.75,8.0,8.0
1024,-77.39490215727321,259.33620400159555,5.75,8.0,8.0
1025,-64.70712313868243,262.3328002733645,5.75,8.0,8.0
1026,-51.904297216508816,264.7918598592801,5.75,8.0,8.0
1027,-39.0091873480278,266.7090106411372,5.75,8.0,8.0
1028,-13.033947225261455,268.9049208506524,5.75,8.0,8.0
1029,6.541061761980304,280.5965518964311,5.75,8.0,8.0
1030,32.65089217130387,278.99663605949354,5.75,8.0,8.0
1031,299.2867435382651,75.11898070742203,5.75,8.0,8.0
1032,303.7332173660416,62.81569552032421,5.75,8.0,8.0
1033,307.67415722869015,50.34128375482794,5.75,8.0,8.0
1034,311.10300382073746,37.71650783822771,5.75,8.0,8.0
1035,314.014050165421,24.962380464108065,5.75,8.0,8.0
1036,320.3964166984126,-53.079401502829946,5.75,8.0,8.0
1037,311.10300382073746,-117.7165078382276,5.75,8.0,8.0
1038,307.67415722869015,-130.3412837548279,5.75,8.0,8.0
1039,269.7591111631055,-213.3636539801419,5.75,8.0,8.0
1040,254.73076274524828,-234.7746726042149,5.75,8.0,8.0
1041,238.00722312893885,-254.88949791766603,5.75,8.0,8.0
1042,229.0441145823113,-264.4186448405304,5.75,8.0,8.0
1043,-238.0072231289387,-254.88949791766618,5.75,8.0,8.0
1044,-294.34213646222827,-167.2306617121285,5.75,8.0,8.0
1045,-299.2867435382651,-155.11898070742205,5.75,8.0,8.0
1046,-314.01405016542105,24.96238046410791,5.75,8.0,8.0
1047,-311.10300382073746,37.7165078382277,5.75,8.0,8.0
1048,-307.6741572286901,50.34128375482808,5.75,8.0,8.0
1049,-303.7332173660416,62.81569552032421,5.75,8.0,8.0
1050,-299.2867435382651,75.11898070742195,5.75,8.0,8.0
1051,-32.650892171304065,278.9966360594935,5.75,8.0,8.0
1052,-6.541061761980175,280.5965518964311,5.75,8.0,8.0
1053,0.0,292.1467697384568,5.75,8.0,8.0
1054,13.040020984901599,291.8906966162275,5.75,8.0,8.0
1055,26.059935202604052,291.12287209573356,5.75,8.0,8.0
1056,51.95920223887623,288.0574918370117,5.75,8.0,8.0
1057,64.79862026489234,285.7646626929596,5.75,8.0,8.0
1058,77.53812351515766,282.9695280509286,5.75,8.0,8.0
1059,90.15806859903795,279.6763978059416,5.75,8.0,8.0
1060,102.63899647592565,275.89034972614525,5.75,8.0,8.0
1061,114.96166245967036,271.6172216232605,5.75,8.0,8.0
1062,127.10706589248977,266.8636023510995,5.75,8.0,8.0
1063,139.05647944260684,261.6368216460306,5.75,8.0,8.0
1064,150.79147798043815,255.94493882505657,5.75,8.0,8.0
1065,162.29396698880797,249.7967303589313,5.75,8.0,8.0
1066,173.5462104633824,243.20167633947858,5.75,8.0,8.0
1067,184.53085826030258,236.16994586197745,5.75,8.0,8.0
1068,195.2309728488488,228.71238134515409,5.75,8.0,8.0
1069,205.63005542788525,220.8404818129584,5.75,8.0,8.0
1070,215.71207136581566,212.56638516390237,5.75,8.0,8.0
1071,225.46147492482277,203.9028494553004,5.75,8.0,8.0
1072,234.86323323126953,194.86323323126956,5.75,8.0,8.0
1073,243.9028494553004,185.46147492482282,5.75,8.0,8.0
1074,252.56638516390234,175.7120713658157,5.75,8.0,8.0
1075,260.8404818129584,165.63005542788525,5.75,8.0,8.0
1076,268.7123813451541,155.2309728488488,5.75,8.0,8.0
1077,276.16994586197745,144.5308582603026,5.75,8.0,8.0
1078,283.2016763394786,133.54621046338244,5.75,8.0,8.0
1079,289.7967303589313,122.293966988808,5.75,8.0,8.0
1080,295.9449388250565,110.79147798043817,5.75,8.0,8.0
1081,301.63682164603057,99.0564794426069,5.75,8.0,8.0
1082,306.8636023510995,87.1070658924898,5.75,8.0,8.0
1083,328.0574918370117,11.959202238876252,5.75,8.0,8.0
1084,329.8444801067325,-0.9603331109141067,5.75,8.0,8.0
1085,331.12287209573356,-13.94006479739593,5.75,8.0,8.0
1086,331.8906966162275,-26.959979015098384,5.75,8.0,8.0
1087,332.1467697384568,-39.99999999999998,5.75,8.0,8.0
1088,331.12287209573356,-66.05993520260404,5.75,8.0,8.0
1089,329.8444801067325,-79.03966688908585,5.75,8.0,8.0
1090,328.0574918370117,-91.95920223887614,5.75,8.0,8.0
1091,325.7646626929596,-104.79862026489232,5.75,8.0,8.0
1092,315.89034972614525,-142.63899647592564,5.75,8.0,8.0
1093,311.61722162326055,-154.96166245967026,5.75,8.0,8.0
1094,306.8636023510995,-167.10706589248974,5.75,8.0,8.0
1095,-315.89034972614525,-142.6389964759257,5.75,8.0,8.0
1096,-319.6763978059416,-130.1580685990379,5.75,8.0,8.0
1097,-322.9695280509286,-117.53812351515788,5.75,8.0,8.0
1098,-325.7646626929596,-104.79862026489218,5.75,8.0,8.0
1099,-328.05749183701164,-91.95920223887629,5.75,8.0,8.0
1100,-329.8444801067325,-79.03966688908586,5.75,8.0,8.0
1101,-331.12287209573356,-66.05993520260427,5.75,8.0,8.0
1102,-331.8906966162275,-53.04002098490173,5.75,8.0,8.0
1103,-332.1467697384568,-40.000000000000064,5.75,8.0,8.0
1104,-331.8906966162275,-26.95997901509839,5.75,8.0,8.0
1105,-331.12287209573356,-13.94006479739586,5.75,8.0,8.0
1106,-329.8444801067325,-0.9603331109142559,5.75,8.0,8.0
1107,-328.0574918370117,11.959202238876166,5.75,8.0,8.0
1108,-306.86360235109953,87.10706589248957,5.75,8.0,8.0
1109,-301.63682164603057,99.05647944260701,5.75,8.0,8.0
1110,-295.94493882505657,110.79147798043812,5.75,8.0,8.0
1111,-283.2016763394787,133.54621046338227,5.75,8.0,8.0
1112,-276.1699458619775,144.53085826030247,5.75,8.0,8.0
1113,-268.7123813451541,155.23097284884872,5.75,8.0,8.0
1114,-260.8404818129584,165.63005542788525,5.75,8.0,8.0
1115,-252.56638516390234,175.71207136581575,5.75,8.0,8.0
1116,-243.90284945530047,185.4614749248227,5.75,8.0,8.0
1117,-234.8632332312696,194.86323323126948,5.75,8.0,8.0
1118,-225.461474924823,203.90284945530018,5.75,8.0,8.0
1119,-215.7120713658156,212.5663851639024,5.75,8.0,8.0
1120,-205.63005542788537,220.84048181295827,5.75,8.0,8.0
1121,-195.23097284884886,228.71238134515403,5.75,8.0,8.0
1122,-184.53085826030258,236.16994586197745,5.75,8.0,8.0
1123,-173.54621046338264,243.20167633947847,5.75,8.0,8.0
1124,-162.29396698880785,249.79673035893137,5.75,8.0,8.0
1125,-150.79147798043823,255.9449388250565,5.75,8.0,8.0
1126,-139.05647944260687,261.63682164603057,5.75,8.0,8.0
1127,-127.10706589248998,266.86360235109936,5.75,8.0,8.0
1128,-114.9616624596705,271.61722162326043,5.75,8.0,8.0
1129,-102.63899647592572,275.89034972614525,5.75,8.0,8.0
1130,-90.15806859903795,279.6763978059416,5.75,8.0,8.0
1131,-77.53812351515761,282.96952805092866,5.75,8.0,8.0
1132,-64.79862026489249,285.7646626929595,5.75,8.0,8.0
1133,-51.959202238876316,288.05749183701164,5.75,8.0,8.0
1134,-26.059935202603988,291.12287209573356,5.75,8.0,8.0
1135,-13.040020984901753,291.8906966162275,5.75,8.0,8.0
1136,6.502902888864374,303.56873020189977,5.75,8.0,8.0
1137,45.389998771464256,300.6193008771732,5.75,8.0,8.0
1138,296.5027442199514,133.68904049641665,5.75,8.0,8.0
1139,302.863025339519,122.34453486558041,5.75,8.0,8.0
1140,323.8839500528572,74.80830552136064,5.75,8.0,8.0
1141,327.996485553946,62.46982767033353,5.75,8.0,8.0
1142,334.80678302858996,37.37039586672964,5.75,8.0,8.0
1143,337.494789316614,24.645396608437082,5.75,8.0,8.0
1144,343.38414306922874,-53.00347673275215,5.75,8.0,8.0
1145,-337.494789316614,24.645396608436855,5.75,8.0,8.0
1146,-331.63916924895847,49.98456277822581,5.75,8.0,8.0
1147,-327.996485553946,62.469827670333515,5.75,8.0,8.0
1148,-323.88395005285724,74.80830552136048,5.75,8.0,8.0
1149,-302.8630253395191,122.3445348655803,5.75,8.0,8.0
1150,-296.5027442199514,133.68904049641662,5.75,8.0,8.0
1151,-45.38999877146443,300.6193008771732,5.75,8.0,8.0
1152,-6.502902888864688,303.56873020189977,5.75,8.0,8.0
1153,0.0,315.11376344682014,5.75,8.0,8.0
1154,13.04528389175076,314.8740699988487,5.75,8.0,8.0
1155,26.07295726316894,314.1553132298273,5.75,8.0,8.0
1156,39.06543336729699,312.95846342762405,5.75,8.0,8.0
1157,64.87470803627767,309.13759070969695,5.75,8.0,8.0
1158,77.65666529295343,306.518725792622,5.75,8.0,8.0
1159,90.33378970011437,303.4320768766069,5.75,8.0,8.0
1160,102.88896773543442,299.8818107926649,5.75,8.0,8.0
1161,115.30525049846003,295.8727202332031,5.75,8.0,8.0
1162,127.56587659082929,291.41021728211314,5.75,8.0,8.0
1163,139.6542947433723,286.5003261087122,5.75,8.0,8.0
1164,151.554186159547,281.1496748353975,5.75,8.0,8.0
1165,163.24948654504746,275.36548658999214,5.75,8.0,8.0
1166,174.72440779384675,269.15556975486254,5.75,8.0,8.0
1167,185.96345930139825,262.52830742596853,5.75,8.0,8.0
1168,196.9514688762237,255.49264609607803,5.75,8.0,8.0
1169,207.67360322165916,248.05808357742194,5.75,8.0,8.0
1170,218.1153879601084,240.23465618009408,5.75,8.0,8.0
1171,228.26272717277266,232.03292516350382,5.75,8.0,8.0
1172,238.1019224284788,223.4639624791725,5.75,8.0,8.0
1173,247.6196912759175,214.53933582411867,5.75,8.0,8.0
1174,256.8031851743288,205.27109302501086,5.75,8.0,8.0
1175,265.6400068384284,195.6717457741675,5.75,8.0,8.0
1176,274.11822697416,185.75425273936042,5.75,8.0,8.0
1177,282.22640038268224,175.53200207022178,5.75,8.0,8.0
1178,289.953581410849,165.01879332487133,5.75,8.0,8.0
1179,297.28933872732705,154.22881884116154,5.75,8.0,8.0
1180,316.85176062715493,120.34571019156147,5.75,8.0,8.0
1181,322.52827397799456,108.59777075763895,5.75,8.0,8.0
1182,327.76938931267335,96.64923131493018,5.75,8.0,8.0
1183,332.5680313717388,84.51622183029116,5.75,8.0,8.0
1184,336.91772221387123,72.21512129646719,5.75,8.0,8.0
1185,340.81258996080004,59.76253562122271,5.75,8.0,8.0
1186,344.2473767240639,47.17527521014519,5.75,8.0,8.0
1187,-347.217445702913,34.47033227338804,5.75,8.0,8.0
1188,-340.8125899608,59.76253562122285,5.75,8.0,8.0
1189,-336.91772221387123,72.21512129646712,5.75,8.0,8.0
1190,-332.56803137173887,84.516221830291,5.75,8.0,8.0
1191,-327.76938931267347,96.64923131493,5.75,8.0,8.0
1192,-322.5282739779946,108.59777075763878,5.75,8.0,8.0
1193,-316.85176062715504,120.34571019156132,5.75,8.0,8.0
1194,-297.28933872732716,154.22881884116137,5.75,8.0,8.0
1195,-289.95358141084904,165.01879332487127,5.75,8.0,8.0
1196,-282.2264003826823,175.53200207022167,5.75,8.0,8.0
1197,-274.1182269741601,185.7542527393603,5.75,8.0,8.0
1198,-265.6400068384285,195.67174577416745,5.75,8.0,8.0
1199,-256.8031851743289,205.27109302501074,5.75,8.0,8.0
1200,-247.61969127591755,214.53933582411855,5.75,8.0,8.0
1201,-238.10192242847884,223.46396247917244,5.75,8.0,8.0
1202,-228.26272717277277,232.03292516350376,5.75,8.0,8.0
1203,-218.11538796010848,240.23465618009396,5.75,8.0,8.0
1204,-207.67360322165925,248.05808357742194,5.75,8.0,8.0
1205,-196.9514688762238,255.49264609607798,5.75,8.0,8.0
1206,-185.96345930139833,262.5283074259685,5.75,8.0,8.0
1207,-174.72440779384686,269.1555697548625,5.75,8.0,8.0
1208,-163.24948654504755,275.3654865899921,5.75,8.0,8.0
1209,-151.55418615954707,281.1496748353974,5.75,8.0,8.0
1210,-139.65429474337242,286.5003261087122,5.75,8.0,8.0
1211,-127.56587659082939,291.4102172821131,5.75,8.0,8.0
1212,-115.30525049846013,295.8727202332031,5.75,8.0,8.0
1213,-102.88896773543452,299.8818107926649,5.75,8.0,8.0
1214,-90.33378970011478,303.4320768766068,5.75,8.0,8.0
1215,-77.65666529295385,306.51872579262186,5.75,8.0,8.0
1216,-64.87470803627745,309.13759070969695,5.75,8.0,8.0
1217,-39.065433367297075,312.95846342762405,5.75,8.0,8.0
1218,-26.07295726316903,314.1553132298273,5.75,8.0,8.0
1219,-13.04528389175085,314.87406999884865,5.75,8.0,8.0
1220,6.506433845139516,326.5395170766984,5.75,8.0,8.0
1221,58.312241854491134,321.9298740227226,5.75,8.0,8.0
1222,310.77711872719055,154.45085172306702,5.75,8.0,8.0
1223,317.48254037844407,143.29863015050088,5.75,8.0,8.0
1224,323.7879367432924,131.91545387114613,5.75,8.0,8.0
1225,-323.7879367432925,131.91545387114598,5.75,8.0,8.0
1226,-317.48254037844407,143.29863015050094,5.75,8.0,8.0
1227,-310.7771187271906,154.45085172306693,5.75,8.0,8.0
1228,-58.31224185449135,321.9298740227225,5.75,8.0,8.0
1229,-6.506433845139874,326.5395170766984,5.75,8.0,8.0
1230,0.0,338.0807571551835,5.75,8.0,8.0
1231,13.049887955740784,337.8554741635741,5.75,8.0,8.0
1232,26.08422411338977,337.1798936627446,5.75,8.0,8.0
1233,39.087475208226834,336.05482075474464,5.75,8.0,8.0
1234,52.04414502018865,334.48159621022023,5.75,8.0,8.0
1235,77.75605187519257,329.9987234137696,5.75,8.0,8.0
1236,90.48064755293554,327.0944174860717,5.75,8.0,8.0
1237,103.09741573309917,323.75263820375704,5.75,8.0,8.0
1238,115.59132077461321,319.97736802834885,5.75,8.0,8.0
1239,127.94747345473169,315.7731060206597,5.75,8.0,8.0
1240,140.15114871280082,311.14486247917574,5.75,8.0,8.0
1241,152.18780319839223,306.0981529691892,5.75,8.0,8.0
1242,164.0430926028885,300.63899174979514,5.75,8.0,8.0
1243,175.7028887538666,294.77388460658517,5.75,8.0,8.0
1244,187.15329645190832,288.5098210985799,5.75,8.0,8.0
1245,198.3806700297717,281.8542662286391,5.75,8.0,8.0
1246,209.37162961419065,274.815151547277,5.75,8.0,8.0
1247,220.11307707092277,267.4008657004838,5.75,8.0,8.0
1248,230.59221161404358,259.620244432817,5.75,8.0,8.0
1249,240.79654506088482,251.48256005767843,5.75,8.0,8.0
1250,250.71391671443783,242.9975104073228,5.75,8.0,8.0
1251,-250.71391671443797,242.99751040732264,5.75,8.0,8.0
1252,-240.79654506088482,251.48256005767843,5.75,8.0,8.0
1253,-230.59221161404372,259.62024443281683,5.75,8.0,8.0
1254,-220.11307707092303,267.40086570048356,5.75,8.0,8.0
1255,-209.37162961419102,274.8151515472768,5.75,8.0,8.0
1256,-198.38067002977166,281.8542662286391,5.75,8.0,8.0
1257,-187.15329645190815,288.50982109858,5.75,8.0,8.0
1258,-175.70288875386657,294.7738846065852,5.75,8.0,8.0
1259,-164.04309260288858,300.6389917497951,5.75,8.0,8.0
1260,-152.18780319839215,306.0981529691892,5.75,8.0,8.0
1261,-140.15114871280088,311.1448624791757,5.75,8.0,8.0
1262,-127.94747345473188,315.7731060206596,5.75,8.0,8.0
1263,-115.59132077461327,319.97736802834885,5.75,8.0,8.0
1264,-103.09741573309935,323.752638203757,5.75,8.0,8.0
1265,-90.48064755293589,327.0944174860716,5.75,8.0,8.0
1266,-77.75605187519272,329.9987234137696,5.75,8.0,8.0
1267,-52.044145020188466,334.48159621022023,5.75,8.0,8.0
1268,-39.0874752082268,336.05482075474464,5.75,8.0,8.0
1269,-26.084224113389883,337.1798936627445,5.75,8.0,8.0
1270,-13.049887955740722,337.8554741635742,5.75,8.0,8.0
1271,6.5095491509004715,349.5098635101879,5.75,8.0,8.0
1272,-6.5095491509003525,349.5098635101879,5.75,8.0,8.0
