month,eta_total,eta_cos,eta_sb,eta_trunc,unit_area_power_kw_m2,field_power_mw
1,0.4081005201339029,0.7174769459768625,0.7312102754237289,0.927639299191331,0.3564589241818229,49.46509199086321
2,0.4439183086363053,0.7375480229453212,0.7764256709039548,0.9084555602579151,0.4187130744004149,58.10397590839678
3,0.46372631710734635,0.7578325352576976,0.78857697740113,0.9004938078718581,0.46119076468921066,63.99852003439239
4,0.47504911846390774,0.7756781357977777,0.7860235699152541,0.8960389664718544,0.4889131603734878,67.84550143870815
5,0.4805357315570039,0.7854605335499674,0.7837482344632769,0.8926007194955365,0.5020592849630052,69.66976285574631
6,0.4832784156236878,0.7884418587223726,0.783253884180791,0.8935546239084292,0.5071093354570805,70.37054826270813
7,0.48001391392697473,0.7853574781141616,0.7839689265536723,0.8912893768401686,0.5014401109054047,69.58384131012119
8,0.47530978296105025,0.7749887420266837,0.7861008121468925,0.8973950908037469,0.4885488679751284,67.79494931117263
9,0.463035310231398,0.7568051221657484,0.7883827683615819,0.9013274453281122,0.4595332420588015,63.76850893401577
10,0.44075936263025406,0.7349967318285234,0.7725260416666666,0.9112528922153063,0.41226714514899676,57.20948719803598
11,0.40412791459874847,0.7157749041810388,0.7263087040960452,0.9262230616170033,0.35009700881159994,48.582261718768095
12,0.38103079846240506,0.7088198776341735,0.7016242937853108,0.9227678533103137,0.3181924919473952,44.15493572255615
