heliostat_id,x_m,y_m,z_m
1,107.25,11.664,4
2,105.36,23.191,4
3,102.235,34.447,4
4,97.911,45.299,4
5,92.44,55.619,4
6,85.884,65.288,4
7,78.322,74.191,4
8,69.841,82.224,4
9,60.542,89.293,4
10,50.533,95.315,4
11,39.931,100.22,4
12,28.862,103.95,4
13,17.453,106.461,4
14,5.841,107.724,4
15,-5.841,107.724,4
16,-17.453,106.461,4
17,-28.862,103.95,4
18,-39.931,100.22,4
19,-50.533,95.315,4
20,-60.542,89.293,4
21,-69.841,82.224,4
22,-78.322,74.191,4
23,-85.884,65.288,4
24,-92.44,55.619,4
25,-97.911,45.299,4
26,-102.235,34.447,4
27,-105.36,23.191,4
28,-107.25,11.664,4
29,-107.882,0,4
30,-107.25,-11.664,4
31,-105.36,-23.191,4
32,-102.235,-34.447,4
33,-97.911,-45.299,4
34,-92.44,-55.619,4
35,-85.884,-65.288,4
36,-78.322,-74.191,4
37,-69.841,-82.224,4
38,-60.542,-89.293,4
39,-50.533,-95.315,4
40,-39.931,-100.22,4
41,-28.862,-103.95,4
42,-17.453,-106.461,4
43,-5.841,-107.724,4
44,5.841,-107.724,4
45,17.453,-106.461,4
46,28.862,-103.95,4
47,39.931,-100.22,4
48,50.533,-95.315,4
49,60.542,-89.293,4
50,69.841,-82.224,4
51,78.322,-74.191,4
52,85.884,-65.288,4
53,92.44,-55.619,4
54,97.911,-45.299,4
55,102.235,-34.447,4
56,105.36,-23.191,4
57,107.25,-11.664,4
58,107.882,0,4
59,121.217,6.05,4
60,120.012,18.089,4
61,117.615,29.948,4
62,114.048,41.51,4
63,109.348,52.659,4
64,103.562,63.285,4
65,96.746,73.282,4
66,88.969,82.551,4
67,80.307,90.999,4
68,70.848,98.543,4
69,60.684,105.107,4
70,49.917,110.627,4
71,38.654,115.048,4
72,27.007,118.325,4
73,15.091,120.426,4
74,3.026,121.33,4
75,-9.07,121.028,4
76,-21.075,119.524,4
77,-32.871,116.831,4
78,-44.341,112.978,4
79,-55.369,108.002,4
80,-65.848,101.952,4
81,-75.671,94.889,4
82,-84.743,86.883,4
83,-92.973,78.014,4
84,-100.279,68.369,4
85,-106.588,58.045,4
86,-111.837,47.143,4
87,-115.976,35.774,4
88,-118.961,24.049,4
89,-120.764,12.084,4
90,-121.368,0,4
91,-120.764,-12.084,4
92,-118.961,-24.049,4
93,-115.976,-35.774,4
94,-111.837,-47.143,4
95,-106.588,-58.045,4
96,-100.279,-68.369,4
97,-92.973,-78.014,4
98,-84.743,-86.883,4
99,-75.671,-94.889,4
100,-65.848,-101.952,4
101,-55.369,-108.002,4
102,-44.341,-112.978,4
103,-32.871,-116.831,4
104,-21.075,-119.524,4
105,-9.07,-121.028,4
106,3.026,-121.33,4
107,15.091,-120.426,4
108,27.007,-118.325,4
109,38.654,-115.048,4
110,49.917,-110.627,4
111,60.684,-105.107,4
112,70.848,-98.543,4
113,80.307,-90.999,4
114,88.969,-82.551,4
115,96.746,-73.282,4
116,103.562,-63.285,4
117,109.348,-52.659,4
118,114.048,-41.51,4
119,117.615,-29.948,4
120,120.012,-18.089,4
121,121.217,-6.05,4
122,134.294,12.263,4
123,132.623,24.424,4
124,129.852,36.383,4
125,126.006,48.04,4
126,121.115,59.299,4
127,115.221,70.067,4
128,108.372,80.255,4
129,100.625,89.777,4
130,92.044,98.555,4
131,82.701,106.517,4
132,72.672,113.596,4
133,62.041,119.734,4
134,50.896,124.879,4
135,39.329,128.99,4
136,27.437,132.032,4
137,15.317,133.98,4
138,3.07,134.818,4
139,-9.203,134.538,4
140,-21.399,133.144,4
141,-33.418,130.647,4
142,-45.159,127.067,4
143,-56.527,122.434,4
144,-67.426,116.786,4
145,-77.767,110.171,4
146,-87.463,102.643,4
147,-96.435,94.264,4
148,-104.607,85.104,4
149,-111.912,75.239,4
150,-118.291,64.751,4
151,-123.689,53.726,4
152,-128.062,42.255,4
153,-131.373,30.435,4
154,-133.597,18.362,4
155,-134.713,6.138,4
156,-134.713,-6.138,4
157,-133.597,-18.362,4
158,-131.373,-30.435,4
159,-128.062,-42.255,4
160,-123.689,-53.726,4
161,-118.291,-64.751,4
162,-111.912,-75.239,4
163,-104.607,-85.104,4
164,-96.435,-94.264,4
165,-87.463,-102.643,4
166,-77.767,-110.171,4
167,-67.426,-116.786,4
168,-56.527,-122.434,4
169,-45.159,-127.067,4
170,-33.418,-130.647,4
171,-21.399,-133.144,4
172,-9.203,-134.538,4
173,3.07,-134.818,4
174,15.317,-133.98,4
175,27.437,-132.032,4
176,39.329,-128.99,4
177,50.896,-124.879,4
178,62.041,-119.734,4
179,72.672,-113.596,4
180,82.701,-106.517,4
181,92.044,-98.555,4
182,100.625,-89.777,4
183,108.372,-80.255,4
184,115.221,-70.067,4
185,121.115,-59.299,4
186,126.006,-48.04,4
187,129.852,-36.383,4
188,132.623,-24.424,4
189,134.294,-12.263,4
190,134.853,0,4
191,148.218,5.973,4
192,147.257,17.88,4
193,145.34,29.671,4
194,142.481,41.27,4
195,138.699,52.601,4
196,134.016,63.591,4
197,128.465,74.169,4
198,122.08,84.266,4
199,114.903,93.816,4
200,106.982,102.757,4
201,98.366,111.033,4
202,89.113,118.588,4
203,79.282,125.374,4
204,68.936,131.347,4
205,58.144,136.468,4
206,46.974,140.704,4
207,35.5,144.028,4
208,23.795,146.417,4
209,11.936,147.857,4
210,0,148.338,4
211,-11.936,147.857,4
212,-23.795,146.417,4
213,-35.5,144.028,4
214,-46.974,140.704,4
215,-58.144,136.468,4
216,-68.936,131.347,4
217,-79.282,125.374,4
218,-89.113,118.588,4
219,-98.366,111.033,4
220,-106.982,102.757,4
221,-114.903,93.816,4
222,-122.08,84.266,4
223,-128.465,74.169,4
224,-134.016,63.591,4
225,-138.699,52.601,4
226,-142.481,41.27,4
227,-145.34,29.671,4
228,-147.257,17.88,4
229,-148.218,5.973,4
230,-148.218,-5.973,4
231,-147.257,-17.88,4
232,-145.34,-29.671,4
233,-142.481,-41.27,4
234,-138.699,-52.601,4
235,-134.016,-63.591,4
236,-128.465,-74.169,4
237,-122.08,-84.266,4
238,-114.903,-93.816,4
239,-106.982,-102.757,4
240,-98.366,-111.033,4
241,-89.113,-118.588,4
242,-79.282,-125.374,4
243,-68.936,-131.347,4
244,-58.144,-136.468,4
245,-46.974,-140.704,4
246,-35.5,-144.028,4
247,-23.795,-146.417,4
248,-11.936,-147.857,4
249,0,-148.338,4
250,11.936,-147.857,4
251,23.795,-146.417,4
252,35.5,-144.028,4
253,46.974,-140.704,4
254,58.144,-136.468,4
255,68.936,-131.347,4
256,79.282,-125.374,4
257,89.113,-118.588,4
258,98.366,-111.033,4
259,106.982,-102.757,4
260,114.903,-93.816,4
261,122.08,-84.266,4
262,128.465,-74.169,4
263,134.016,-63.591,4
264,138.699,-52.601,4
265,142.481,-41.27,4
266,145.34,-29.671,4
267,147.257,-17.88,4
268,148.218,-5.973,4
269,161.325,12.697,4
270,159.831,25.315,4
271,157.352,37.777,4
272,153.903,50.006,4
273,149.505,61.927,4
274,144.186,73.466,4
275,137.977,84.552,4
276,130.918,95.117,4
277,123.051,105.096,4
278,114.426,114.426,4
279,105.096,123.051,4
280,95.117,130.918,4
281,84.552,137.977,4
282,73.466,144.186,4
283,61.927,149.505,4
284,50.006,153.903,4
285,37.777,157.352,4
286,25.315,159.831,4
287,12.697,161.325,4
288,0,161.823,4
289,-12.697,161.325,4
290,-25.315,159.831,4
291,-37.777,157.352,4
292,-50.006,153.903,4
293,-61.927,149.505,4
294,-73.466,144.186,4
295,-84.552,137.977,4
296,-95.117,130.918,4
297,-105.096,123.051,4
298,-114.426,114.426,4
299,-123.051,105.096,4
300,-130.918,95.117,4
301,-137.977,84.552,4
302,-144.186,73.466,4
303,-149.505,61.927,4
304,-153.903,50.006,4
305,-157.352,37.777,4
306,-159.831,25.315,4
307,-161.325,12.697,4
308,-161.823,0,4
309,-161.325,-12.697,4
310,-159.831,-25.315,4
311,-157.352,-37.777,4
312,-153.903,-50.006,4
313,-149.505,-61.927,4
314,-144.186,-73.466,4
315,-137.977,-84.552,4
316,-130.918,-95.117,4
317,-123.051,-105.096,4
318,-114.426,-114.426,4
319,-105.096,-123.051,4
320,-95.117,-130.918,4
321,-84.552,-137.977,4
322,-73.466,-144.186,4
323,-61.927,-149.505,4
324,-50.006,-153.903,4
325,-37.777,-157.352,4
326,-25.315,-159.831,4
327,-12.697,-161.325,4
328,0,-161.823,4
329,12.697,-161.325,4
330,25.315,-159.831,4
331,37.777,-157.352,4
332,50.006,-153.903,4
333,61.927,-149.505,4
334,73.466,-144.186,4
335,84.552,-137.977,4
336,95.117,-130.918,4
337,105.096,-123.051,4
338,114.426,-114.426,4
339,123.051,-105.096,4
340,130.918,-95.117,4
341,137.977,-84.552,4
342,144.186,-73.466,4
343,149.505,-61.927,4
344,153.903,-50.006,4
345,157.352,-37.777,4
346,159.831,-25.315,4
347,161.325,-12.697,4
348,161.823,0,4
349,175.186,6.555,4
350,174.206,19.628,4
351,172.252,32.592,4
352,169.335,45.373,4
353,165.471,57.901,4
354,160.681,70.105,4
355,154.993,81.916,4
356,148.438,93.27,4
357,141.053,104.102,4
358,132.879,114.352,4
359,123.962,123.962,4
360,114.352,132.879,4
361,104.102,141.053,4
362,93.27,148.438,4
363,81.916,154.993,4
364,70.105,160.681,4
365,57.901,165.471,4
366,45.373,169.335,4
367,32.592,172.252,4
368,19.628,174.206,4
369,6.555,175.186,4
370,-6.555,175.186,4
371,-19.628,174.206,4
372,-32.592,172.252,4
373,-45.373,169.335,4
374,-57.901,165.471,4
375,-70.105,160.681,4
376,-81.916,154.993,4
377,-93.27,148.438,4
378,-104.102,141.053,4
379,-114.352,132.879,4
380,-123.962,123.962,4
381,-132.879,114.352,4
382,-141.053,104.102,4
383,-148.438,93.27,4
384,-154.993,81.916,4
385,-160.681,70.105,4
386,-165.471,57.901,4
387,-169.335,45.373,4
388,-172.252,32.592,4
389,-174.206,19.628,4
390,-175.186,6.555,4
391,-175.186,-6.555,4
392,-174.206,-19.628,4
393,-172.252,-32.592,4
394,-169.335,-45.373,4
395,-165.471,-57.901,4
396,-160.681,-70.105,4
397,-154.993,-81.916,4
398,-148.438,-93.27,4
399,-141.053,-104.102,4
400,-132.879,-114.352,4
401,-123.962,-123.962,4
402,-114.352,-132.879,4
403,-104.102,-141.053,4
404,-93.27,-148.438,4
405,-81.916,-154.993,4
406,-70.105,-160.681,4
407,-57.901,-165.471,4
408,-45.373,-169.335,4
409,-32.592,-172.252,4
410,-19.628,-174.206,4
411,-6.555,-175.186,4
412,6.555,-175.186,4
413,19.628,-174.206,4
414,32.592,-172.252,4
415,45.373,-169.335,4
416,57.901,-165.471,4
417,70.105,-160.681,4
418,81.916,-154.993,4
419,93.27,-148.438,4
420,104.102,-141.053,4
421,114.352,-132.879,4
422,123.962,-123.962,4
423,132.879,-114.352,4
424,141.053,-104.102,4
425,148.438,-93.27,4
426,154.993,-81.916,4
427,160.681,-70.105,4
428,165.471,-57.901,4
429,169.335,-45.373,4
430,172.252,-32.592,4
431,174.206,-19.628,4
432,175.186,-6.555,4
433,188.39,12.348,4
434,187.179,24.643,4
435,185.166,36.832,4
436,182.361,48.863,4
437,178.775,60.686,4
438,174.423,72.248,4
439,169.324,83.501,4
440,163.5,94.397,4
441,156.976,104.888,4
442,149.78,114.93,4
443,141.943,124.48,4
444,133.497,133.497,4
445,124.48,141.943,4
446,114.93,149.78,4
447,104.888,156.976,4
448,94.397,163.5,4
449,83.501,169.324,4
450,72.248,174.423,4
451,60.686,178.775,4
452,48.863,182.361,4
453,36.832,185.166,4
454,24.643,187.179,4
455,12.348,188.39,4
456,0,188.794,4
457,-12.348,188.39,4
458,-24.643,187.179,4
459,-36.832,185.166,4
460,-48.863,182.361,4
461,-60.686,178.775,4
462,-72.248,174.423,4
463,-83.501,169.324,4
464,-94.397,163.5,4
465,-104.888,156.976,4
466,-114.93,149.78,4
467,-124.48,141.943,4
468,-133.497,133.497,4
469,-141.943,124.48,4
470,-149.78,114.93,4
471,-156.976,104.888,4
472,-163.5,94.397,4
473,-169.324,83.501,4
474,-174.423,72.248,4
475,-178.775,60.686,4
476,-182.361,48.863,4
477,-185.166,36.832,4
478,-187.179,24.643,4
479,-188.39,12.348,4
480,-188.794,0,4
481,-188.39,-12.348,4
482,-187.179,-24.643,4
483,-185.166,-36.832,4
484,-182.361,-48.863,4
485,-178.775,-60.686,4
486,-174.423,-72.248,4
487,-169.324,-83.501,4
488,-163.5,-94.397,4
489,-156.976,-104.888,4
490,-149.78,-114.93,4
491,-141.943,-124.48,4
492,-133.497,-133.497,4
493,-124.48,-141.943,4
494,-114.93,-149.78,4
495,-104.888,-156.976,4
496,-94.397,-163.5,4
497,-83.501,-169.324,4
498,-72.248,-174.423,4
499,-60.686,-178.775,4
500,-48.863,-182.361,4
501,-36.832,-185.166,4
502,-24.643,-187.179,4
503,-12.348,-188.39,4
504,0,-188.794,4
505,12.348,-188.39,4
506,24.643,-187.179,4
507,36.832,-185.166,4
508,48.863,-182.361,4
509,60.686,-178.775,4
510,72.248,-174.423,4
511,83.501,-169.324,4
512,94.397,-163.5,4
513,104.888,-156.976,4
514,114.93,-149.78,4
515,124.48,-141.943,4
516,133.497,-133.497,4
517,141.943,-124.48,4
518,149.78,-114.93,4
519,156.976,-104.888,4
520,163.5,-94.397,4
521,169.324,-83.501,4
522,174.423,-72.248,4
523,178.775,-60.686,4
524,182.361,-48.863,4
525,185.166,-36.832,4
526,187.179,-24.643,4
527,188.39,-12.348,4
528,188.794,0,4
529,202.179,6.354,4
530,201.381,19.036,4
531,199.789,31.643,4
532,197.408,44.126,4
533,194.247,56.434,4
534,190.321,68.52,4
535,185.643,80.335,4
536,180.232,91.833,4
537,174.11,102.969,4
538,167.301,113.698,4
539,159.832,123.978,4
540,151.732,133.77,4
541,143.033,143.033,4
542,133.77,151.732,4
543,123.978,159.832,4
544,113.698,167.301,4
545,102.969,174.11,4
546,91.833,180.232,4
547,80.335,185.643,4
548,68.52,190.321,4
549,56.434,194.247,4
550,44.126,197.408,4
551,31.643,199.789,4
552,19.036,201.381,4
553,6.354,202.179,4
554,-6.354,202.179,4
555,-19.036,201.381,4
556,-31.643,199.789,4
557,-44.126,197.408,4
558,-56.434,194.247,4
559,-68.52,190.321,4
560,-80.335,185.643,4
561,-91.833,180.232,4
562,-102.969,174.11,4
563,-113.698,167.301,4
564,-123.978,159.832,4
565,-133.77,151.732,4
566,-143.033,143.033,4
567,-151.732,133.77,4
568,-159.832,123.978,4
569,-167.301,113.698,4
570,-174.11,102.969,4
571,-180.232,91.833,4
572,-185.643,80.335,4
573,-190.321,68.52,4
574,-194.247,56.434,4
575,-197.408,44.126,4
576,-199.789,31.643,4
577,-201.381,19.036,4
578,-202.179,6.354,4
579,-202.179,-6.354,4
580,-201.381,-19.036,4
581,-199.789,-31.643,4
582,-197.408,-44.126,4
583,-194.247,-56.434,4
584,-190.321,-68.52,4
585,-185.643,-80.335,4
586,-180.232,-91.833,4
587,-174.11,-102.969,4
588,-167.301,-113.698,4
589,-159.832,-123.978,4
590,-151.732,-133.77,4
591,-143.033,-143.033,4
592,-133.77,-151.732,4
593,-123.978,-159.832,4
594,-113.698,-167.301,4
595,-102.969,-174.11,4
596,-91.833,-180.232,4
597,-80.335,-185.643,4
598,-68.52,-190.321,4
599,-56.434,-194.247,4
600,-44.126,-197.408,4
601,-31.643,-199.789,4
602,-19.036,-201.381,4
603,-6.354,-202.179,4
604,6.354,-202.179,4
605,19.036,-201.381,4
606,31.643,-199.789,4
607,44.126,-197.408,4
608,56.434,-194.247,4
609,68.52,-190.321,4
610,80.335,-185.643,4
611,91.833,-180.232,4
612,102.969,-174.11,4
613,113.698,-167.301,4
614,123.978,-159.832,4
615,133.77,-151.732,4
616,143.033,-143.033,4
617,151.732,-133.77,4
618,159.832,-123.978,4
619,167.301,-113.698,4
620,174.11,-102.969,4
621,180.232,-91.833,4
622,185.643,-80.335,4
623,190.321,-68.52,4
624,194.247,-56.434,4
625,197.408,-44.126,4
626,199.789,-31.643,4
627,201.381,-19.036,4
628,202.179,-6.354,4
629,215.363,13.154,4
630,214.161,26.259,4
631,212.161,39.266,4
632,209.373,52.127,4
633,205.806,64.794,4
634,201.473,77.221,4
635,196.39,89.36,4
636,190.577,101.166,4
637,184.055,112.596,4
638,176.849,123.608,4
639,168.984,134.159,4
640,160.491,144.212,4
641,151.401,153.727,4
642,141.747,162.672,4
643,131.567,171.01,4
644,120.896,178.713,4
645,109.776,185.751,4
646,98.248,192.098,4
647,86.354,197.73,4
648,74.139,202.627,4
649,61.648,206.77,4
650,48.928,210.144,4
651,36.026,212.736,4
652,22.99,214.536,4
653,9.868,215.539,4
654,-3.29,215.739,4
655,-16.437,215.138,4
656,-29.522,213.735,4
657,-42.497,211.538,4
658,-55.314,208.554,4
659,-67.925,204.794,4
660,-80.284,200.272,4
661,-92.344,195.005,4
662,-104.061,189.012,4
663,-115.39,182.317,4
664,-126.29,174.943,4
665,-136.721,166.919,4
666,-146.642,158.273,4
667,-156.018,149.039,4
668,-164.814,139.25,4
669,-172.997,128.943,4
670,-180.536,118.157,4
671,-187.404,106.931,4
672,-193.574,95.307,4
673,-199.024,83.329,4
674,-203.734,71.041,4
675,-207.686,58.488,4
676,-210.865,45.718,4
677,-213.26,32.778,4
678,-214.862,19.715,4
679,-215.664,6.58,4
680,-215.664,-6.58,4
681,-214.862,-19.715,4
682,-213.26,-32.778,4
683,-210.865,-45.718,4
684,-207.686,-58.488,4
685,-203.734,-71.041,4
686,-199.024,-83.329,4
687,-193.574,-95.307,4
688,-187.404,-106.931,4
689,-180.536,-118.157,4
690,-172.997,-128.943,4
691,-164.814,-139.25,4
692,-156.018,-149.039,4
693,-146.642,-158.273,4
694,-136.721,-166.919,4
695,-126.29,-174.943,4
696,-115.39,-182.317,4
697,-104.061,-189.012,4
698,-92.344,-195.005,4
699,-80.284,-200.272,4
700,-67.925,-204.794,4
701,-55.314,-208.554,4
702,-42.497,-211.538,4
703,-29.522,-213.735,4
704,-16.437,-215.138,4
705,-3.29,-215.739,4
706,9.868,-215.539,4
707,22.99,-214.536,4
708,36.026,-212.736,4
709,48.928,-210.144,4
710,61.648,-206.77,4
711,74.139,-202.627,4
712,86.354,-197.73,4
713,98.248,-192.098,4
714,109.776,-185.751,4
715,120.896,-178.713,4
716,131.567,-171.01,4
717,141.747,-162.672,4
718,151.401,-153.727,4
719,160.491,-144.212,4
720,168.984,-134.159,4
721,176.849,-123.608,4
722,184.055,-112.596,4
723,190.577,-101.166,4
724,196.39,-89.36,4
725,201.473,-77.221,4
726,205.806,-64.794,4
727,209.373,-52.127,4
728,212.161,-39.266,4
729,214.161,-26.259,4
730,215.363,-13.154,4
731,215.765,0,4
732,229.134,7.274,4
733,228.212,21.792,4
734,226.37,36.222,4
735,223.617,50.506,4
736,219.964,64.587,4
737,215.424,78.408,4
738,210.018,91.913,4
739,203.765,105.048,4
740,196.693,117.76,4
741,188.828,129.998,4
742,180.203,141.713,4
743,170.852,152.857,4
744,160.813,163.385,4
745,150.127,173.255,4
746,138.836,182.428,4
747,126.986,190.866,4
748,114.625,198.536,4
749,101.802,205.406,4
750,88.57,211.45,4
751,74.98,216.641,4
752,61.089,220.961,4
753,46.952,224.39,4
754,32.626,226.916,4
755,18.168,228.529,4
756,3.637,229.221,4
757,-10.908,228.99,4
758,-25.41,227.837,4
759,-39.809,225.767,4
760,-54.048,222.788,4
761,-68.069,218.911,4
762,-81.816,214.153,4
763,-95.234,208.533,4
764,-108.268,202.073,4
765,-120.866,194.799,4
766,-132.978,186.741,4
767,-144.554,177.931,4
768,-155.548,168.405,4
769,-165.916,158.2,4
770,-175.616,147.359,4
771,-184.608,135.924,4
772,-192.857,123.942,4
773,-200.33,111.46,4
774,-206.996,98.53,4
775,-212.828,85.204,4
776,-217.804,71.534,4
777,-221.902,57.576,4
778,-225.107,43.386,4
779,-227.405,29.021,4
780,-228.788,14.54,4
781,-229.25,0,4
782,-228.788,-14.54,4
783,-227.405,-29.021,4
784,-225.107,-43.386,4
785,-221.902,-57.576,4
786,-217.804,-71.534,4
787,-212.828,-85.204,4
788,-206.996,-98.53,4
789,-200.33,-111.46,4
790,-192.857,-123.942,4
791,-184.608,-135.924,4
792,-175.616,-147.359,4
793,-165.916,-158.2,4
794,-155.548,-168.405,4
795,-144.554,-177.931,4
796,-132.978,-186.741,4
797,-120.866,-194.799,4
798,-108.268,-202.073,4
799,-95.234,-208.533,4
800,-81.816,-214.153,4
801,-68.069,-218.911,4
802,-54.048,-222.788,4
803,-39.809,-225.767,4
804,-25.41,-227.837,4
805,-10.908,-228.99,4
806,3.637,-229.221,4
807,18.168,-228.529,4
808,32.626,-226.916,4
809,46.952,-224.39,4
810,61.089,-220.961,4
811,74.98,-216.641,4
812,88.57,-211.45,4
813,101.802,-205.406,4
814,114.625,-198.536,4
815,126.986,-190.866,4
816,138.836,-182.428,4
817,150.127,-173.255,4
818,160.813,-163.385,4
819,170.852,-152.857,4
820,180.203,-141.713,4
821,188.828,-129.998,4
822,196.693,-117.76,4
823,203.765,-105.048,4
824,210.018,-91.913,4
825,215.424,-78.408,4
826,219.964,-64.587,4
827,223.617,-50.506,4
828,226.37,-36.222,4
829,228.212,-21.792,4
830,229.134,-7.274,4
831,242.266,15.091,4
832,240.859,30.123,4
833,238.52,45.039,4
834,235.259,59.781,4
835,231.087,74.291,4
836,226.021,88.514,4
837,220.081,102.394,4
838,213.29,115.878,4
839,205.673,128.914,4
840,197.261,141.452,4
841,188.085,153.442,4
842,178.182,164.838,4
843,167.589,175.597,4
844,156.348,185.676,4
845,144.502,195.037,4
846,132.097,203.643,4
847,119.181,211.462,4
848,105.804,218.462,4
849,92.018,224.617,4
850,77.876,229.904,4
851,63.432,234.3,4
852,48.743,237.791,4
853,33.865,240.361,4
854,18.857,242.002,4
855,3.775,242.706,4
856,-11.321,242.471,4
857,-26.374,241.298,4
858,-41.324,239.192,4
859,-56.115,236.16,4
860,-70.688,232.214,4
861,-84.988,227.371,4
862,-98.959,221.647,4
863,-112.547,215.066,4
864,-125.7,207.653,4
865,-138.367,199.437,4
866,-150.498,190.449,4
867,-162.047,180.724,4
868,-172.969,170.3,4
869,-183.222,159.217,4
870,-192.766,147.518,4
871,-201.564,135.248,4
872,-209.583,122.456,4
873,-216.79,109.189,4
874,-223.159,95.5,4
875,-228.665,81.442,4
876,-233.286,67.068,4
877,-237.004,52.435,4
878,-239.805,37.599,4
879,-241.679,22.618,4
880,-242.618,7.549,4
881,-242.618,-7.549,4
882,-241.679,-22.618,4
883,-239.805,-37.599,4
884,-237.004,-52.435,4
885,-233.286,-67.068,4
886,-228.665,-81.442,4
887,-223.159,-95.5,4
888,-216.79,-109.189,4
889,-209.583,-122.456,4
890,-201.564,-135.248,4
891,-192.766,-147.518,4
892,-183.222,-159.217,4
893,-172.969,-170.3,4
894,-162.047,-180.724,4
895,-150.498,-190.449,4
896,-138.367,-199.437,4
897,-125.7,-207.653,4
898,-112.547,-215.066,4
899,-98.959,-221.647,4
900,-84.988,-227.371,4
901,-70.688,-232.214,4
902,-56.115,-236.16,4
903,-41.324,-239.192,4
904,-26.374,-241.298,4
905,-11.321,-242.471,4
906,3.775,-242.706,4
907,18.857,-242.002,4
908,33.865,-240.361,4
909,48.743,-237.791,4
910,63.432,-234.3,4
911,77.876,-229.904,4
912,92.018,-224.617,4
913,105.804,-218.462,4
914,119.181,-211.462,4
915,132.097,-203.643,4
916,144.502,-195.037,4
917,156.348,-185.676,4
918,167.589,-175.597,4
919,178.182,-164.838,4
920,188.085,-153.442,4
921,197.261,-141.452,4
922,205.673,-128.914,4
923,213.29,-115.878,4
924,220.081,-102.394,4
925,226.021,-88.514,4
926,231.087,-74.291,4
927,235.259,-59.781,4
928,238.52,-45.039,4
929,240.859,-30.123,4
930,242.266,-15.091,4
931,242.735,0,4
932,256.121,7.122,4
933,255.33,21.345,4
934,253.749,35.502,4
935,251.384,49.549,4
936,248.241,63.443,4
937,244.332,77.141,4
938,239.667,90.601,4
939,234.262,103.78,4
940,228.132,116.639,4
941,221.297,129.137,4
942,213.779,141.236,4
943,205.599,152.898,4
944,196.784,164.088,4
945,187.361,174.771,4
946,177.358,184.913,4
947,166.808,194.484,4
948,155.741,203.454,4
949,144.194,211.795,4
950,132.201,219.481,4
951,119.799,226.489,4
952,107.026,232.796,4
953,93.923,238.385,4
954,80.53,243.236,4
955,66.888,247.336,4
956,53.039,250.671,4
957,39.026,253.231,4
958,24.892,255.008,4
959,10.682,255.998,4
960,-3.562,256.196,4
961,-17.794,255.602,4
962,-31.972,254.218,4
963,-46.05,252.048,4
964,-59.987,249.099,4
965,-73.738,245.381,4
966,-87.261,240.903,4
967,-100.514,235.682,4
968,-113.456,229.731,4
969,-126.048,223.071,4
970,-138.251,215.721,4
971,-150.026,207.705,4
972,-161.337,199.046,4
973,-172.15,189.772,4
974,-182.43,179.912,4
975,-192.147,169.495,4
976,-201.269,158.555,4
977,-209.77,147.124,4
978,-217.622,135.239,4
979,-224.802,122.935,4
980,-231.286,110.252,4
981,-237.056,97.228,4
982,-242.093,83.903,4
983,-246.382,70.32,4
984,-249.909,56.518,4
985,-252.664,42.542,4
986,-254.638,28.435,4
987,-255.824,14.239,4
988,-256.22,0,4
989,-255.824,-14.239,4
990,-254.638,-28.435,4
991,-252.664,-42.542,4
992,-249.909,-56.518,4
993,-246.382,-70.32,4
994,-242.093,-83.903,4
995,-237.056,-97.228,4
996,-231.286,-110.252,4
997,-224.802,-122.935,4
998,-217.622,-135.239,4
999,-209.77,-147.124,4
1000,-201.269,-158.555,4
1001,-192.147,-169.495,4
1002,-182.43,-179.912,4
1003,-172.15,-189.772,4
1004,-161.337,-199.046,4
1005,-150.026,-207.705,4
1006,-138.251,-215.721,4
1007,-126.048,-223.071,4
1008,-113.456,-229.731,4
1009,-100.514,-235.682,4
1010,-87.261,-240.903,4
1011,-73.738,-245.381,4
1012,-59.987,-249.099,4
1013,-46.05,-252.048,4
1014,-31.972,-254.218,4
1015,-17.794,-255.602,4
1016,-3.562,-256.196,4
1017,10.682,-255.998,4
1018,24.892,-255.008,4
1019,39.026,-253.231,4
1020,53.039,-250.671,4
1021,66.888,-247.336,4
1022,80.53,-243.236,4
1023,93.923,-238.385,4
1024,107.026,-232.796,4
1025,119.799,-226.489,4
1026,132.201,-219.481,4
1027,144.194,-211.795,4
1028,155.741,-203.454,4
1029,166.808,-194.484,4
1030,177.358,-184.913,4
1031,187.361,-174.771,4
1032,196.784,-164.088,4
1033,205.599,-152.898,4
1034,213.779,-141.236,4
1035,221.297,-129.137,4
1036,228.132,-116.639,4
1037,234.262,-103.78,4
1038,239.667,-90.601,4
1039,244.332,-77.141,4
1040,248.241,-63.443,4
1041,251.384,-49.549,4
1042,253.749,-35.502,4
1043,255.33,-21.345,4
1044,256.121,-7.122,4
1045,269.281,15.123,4
1046,268.01,30.197,4
1047,265.895,45.177,4
1048,262.944,60.015,4
1049,259.165,74.664,4
1050,254.571,89.078,4
1051,249.176,103.212,4
1052,242.996,117.021,4
1053,236.053,130.462,4
1054,228.366,143.492,4
1055,219.961,156.071,4
1056,210.864,168.159,4
1057,201.104,179.717,4
1058,190.711,190.711,4
1059,179.717,201.104,4
1060,168.159,210.864,4
1061,156.071,219.961,4
1062,143.492,228.366,4
1063,130.462,236.053,4
1064,117.021,242.996,4
1065,103.212,249.176,4
1066,89.078,254.571,4
1067,74.664,259.165,4
1068,60.015,262.944,4
1069,45.177,265.895,4
1070,30.197,268.01,4
1071,15.123,269.281,4
1072,0,269.706,4
1073,-15.123,269.281,4
1074,-30.197,268.01,4
1075,-45.177,265.895,4
1076,-60.015,262.944,4
1077,-74.664,259.165,4
1078,-89.078,254.571,4
1079,-103.212,249.176,4
1080,-117.021,242.996,4
1081,-130.462,236.053,4
1082,-143.492,228.366,4
1083,-156.071,219.961,4
1084,-168.159,210.864,4
1085,-179.717,201.104,4
1086,-190.711,190.711,4
1087,-201.104,179.717,4
1088,-210.864,168.159,4
1089,-219.961,156.071,4
1090,-228.366,143.492,4
1091,-236.053,130.462,4
1092,-242.996,117.021,4
1093,-249.176,103.212,4
1094,-254.571,89.078,4
1095,-259.165,74.664,4
1096,-262.944,60.015,4
1097,-265.895,45.177,4
1098,-268.01,30.197,4
1099,-269.281,15.123,4
1100,-269.706,0,4
1101,-269.281,-15.123,4
1102,-268.01,-30.197,4
1103,-265.895,-45.177,4
1104,-262.944,-60.015,4
1105,-259.165,-74.664,4
1106,-254.571,-89.078,4
1107,-249.176,-103.212,4
1108,-242.996,-117.021,4
1109,-236.053,-130.462,4
1110,-228.366,-143.492,4
1111,-219.961,-156.071,4
1112,-210.864,-168.159,4
1113,-201.104,-179.717,4
1114,-190.711,-190.711,4
1115,-179.717,-201.104,4
1116,-168.159,-210.864,4
1117,-156.071,-219.961,4
1118,-143.492,-228.366,4
1119,-130.462,-236.053,4
1120,-117.021,-242.996,4
1121,-103.212,-249.176,4
1122,-89.078,-254.571,4
1123,-74.664,-259.165,4
1124,-60.015,-262.944,4
1125,-45.177,-265.895,4
1126,-30.197,-268.01,4
1127,-15.123,-269.281,4
1128,0,-269.706,4
1129,15.123,-269.281,4
1130,30.197,-268.01,4
1131,45.177,-265.895,4
1132,60.015,-262.944,4
1133,74.664,-259.165,4
1134,89.078,-254.571,4
1135,103.212,-249.176,4
1136,117.021,-242.996,4
1137,130.462,-236.053,4
1138,143.492,-228.366,4
1139,156.071,-219.961,4
1140,168.159,-210.864,4
1141,179.717,-201.104,4
1142,190.711,-190.711,4
1143,201.104,-179.717,4
1144,210.864,-168.159,4
1145,219.961,-156.071,4
1146,228.366,-143.492,4
1147,236.053,-130.462,4
1148,242.996,-117.021,4
1149,249.176,-103.212,4
1150,254.571,-89.078,4
1151,259.165,-74.664,4
1152,262.944,-60.015,4
1153,265.895,-45.177,4
1154,268.01,-30.197,4
1155,269.281,-15.123,4
1156,269.706,0,4
1157,283.067,8.392,4
1158,282.072,25.146,4
1159,280.087,41.812,4
1160,277.118,58.331,4
1161,273.176,74.645,4
1162,268.274,90.698,4
1163,262.43,106.431,4
1164,255.664,121.791,4
1165,248,136.722,4
1166,239.465,151.174,4
1167,230.089,165.094,4
1168,219.904,178.435,4
1169,208.948,191.149,4
1170,197.257,203.192,4
1171,184.873,214.52,4
1172,171.84,225.096,4
1173,158.204,234.88,4
1174,144.011,243.84,4
1175,129.313,251.943,4
1176,114.161,259.161,4
1177,98.608,265.469,4
1178,82.708,270.844,4
1179,66.518,275.268,4
1180,50.094,278.725,4
1181,33.494,281.203,4
1182,16.776,282.694,4
1183,0,283.191,4
1184,-16.776,282.694,4
1185,-33.494,281.203,4
1186,-50.094,278.725,4
1187,-66.518,275.268,4
1188,-82.708,270.844,4
1189,-98.608,265.469,4
1190,-114.161,259.161,4
1191,-129.313,251.943,4
1192,-144.011,243.84,4
1193,-158.204,234.88,4
1194,-171.84,225.096,4
1195,-184.873,214.52,4
1196,-197.257,203.192,4
1197,-208.948,191.149,4
1198,-219.904,178.435,4
1199,-230.089,165.094,4
1200,-239.465,151.174,4
1201,-248,136.722,4
1202,-255.664,121.791,4
1203,-262.43,106.431,4
1204,-268.274,90.698,4
1205,-273.176,74.645,4
1206,-277.118,58.331,4
1207,-280.087,41.812,4
1208,-282.072,25.146,4
1209,-283.067,8.392,4
1210,-283.067,-8.392,4
1211,-282.072,-25.146,4
1212,-280.087,-41.812,4
1213,-277.118,-58.331,4
1214,-273.176,-74.645,4
1215,-268.274,-90.698,4
1216,-262.43,-106.431,4
1217,-255.664,-121.791,4
1218,-248,-136.722,4
1219,-239.465,-151.174,4
1220,-230.089,-165.094,4
1221,-219.904,-178.435,4
1222,-208.948,-191.149,4
1223,-197.257,-203.192,4
1224,-184.873,-214.52,4
1225,-171.84,-225.096,4
1226,-158.204,-234.88,4
1227,-144.011,-243.84,4
1228,-129.313,-251.943,4
1229,-114.161,-259.161,4
1230,-98.608,-265.469,4
1231,-82.708,-270.844,4
1232,-66.518,-275.268,4
1233,-50.094,-278.725,4
1234,-33.494,-281.203,4
1235,-16.776,-282.694,4
1236,0,-283.191,4
1237,16.776,-282.694,4
1238,33.494,-281.203,4
1239,50.094,-278.725,4
1240,66.518,-275.268,4
1241,82.708,-270.844,4
1242,98.608,-265.469,4
1243,114.161,-259.161,4
1244,129.313,-251.943,4
1245,144.011,-243.84,4
1246,158.204,-234.88,4
1247,171.84,-225.096,4
1248,184.873,-214.52,4
1249,197.257,-203.192,4
1250,208.948,-191.149,4
1251,219.904,-178.435,4
1252,230.089,-165.094,4
1253,239.465,-151.174,4
1254,248,-136.722,4
1255,255.664,-121.791,4
1256,262.43,-106.431,4
1257,268.274,-90.698,4
1258,273.176,-74.645,4
1259,277.118,-58.331,4
1260,280.087,-41.812,4
1261,282.072,-25.146,4
1262,283.067,-8.392,4
1263,296.174,17.25,4
1264,294.67,34.442,4
1265,292.169,51.517,4
1266,288.679,68.418,4
1267,284.213,85.088,4
1268,278.784,101.469,4
1269,272.413,117.507,4
1270,265.12,133.148,4
1271,256.929,148.338,4
1272,247.869,163.026,4
1273,237.971,177.163,4
1274,227.267,190.7,4
1275,215.794,203.592,4
1276,203.592,215.794,4
1277,190.7,227.267,4
1278,177.163,237.971,4
1279,163.026,247.869,4
1280,148.338,256.929,4
1281,133.148,265.12,4
1282,117.507,272.413,4
1283,101.469,278.784,4
1284,85.088,284.213,4
1285,68.418,288.679,4
1286,51.517,292.169,4
1287,34.442,294.67,4
1288,17.25,296.174,4
1289,0,296.676,4
1290,-17.25,296.174,4
1291,-34.442,294.67,4
1292,-51.517,292.169,4
1293,-68.418,288.679,4
1294,-85.088,284.213,4
1295,-101.469,278.784,4
1296,-117.507,272.413,4
1297,-133.148,265.12,4
1298,-148.338,256.929,4
1299,-163.026,247.869,4
1300,-177.163,237.971,4
1301,-190.7,227.267,4
1302,-203.592,215.794,4
1303,-215.794,203.592,4
1304,-227.267,190.7,4
1305,-237.971,177.163,4
1306,-247.869,163.026,4
1307,-256.929,148.338,4
1308,-265.12,133.148,4
1309,-272.413,117.507,4
1310,-278.784,101.469,4
1311,-284.213,85.088,4
1312,-288.679,68.418,4
1313,-292.169,51.517,4
1314,-294.67,34.442,4
1315,-296.174,17.25,4
1316,-296.676,0,4
1317,-296.174,-17.25,4
1318,-294.67,-34.442,4
1319,-292.169,-51.517,4
1320,-288.679,-68.418,4
1321,-284.213,-85.088,4
1322,-278.784,-101.469,4
1323,-272.413,-117.507,4
1324,-265.12,-133.148,4
1325,-256.929,-148.338,4
1326,-247.869,-163.026,4
1327,-237.971,-177.163,4
1328,-227.267,-190.7,4
1329,-215.794,-203.592,4
1330,-203.592,-215.794,4
1331,-190.7,-227.267,4
1332,-177.163,-237.971,4
1333,-163.026,-247.869,4
1334,-148.338,-256.929,4
1335,-133.148,-265.12,4
1336,-117.507,-272.413,4
1337,-101.469,-278.784,4
1338,-85.088,-284.213,4
1339,-68.418,-288.679,4
1340,-51.517,-292.169,4
1341,-34.442,-294.67,4
1342,-17.25,-296.174,4
1343,0,-296.676,4
1344,17.25,-296.174,4
1345,34.442,-294.67,4
1346,51.517,-292.169,4
1347,68.418,-288.679,4
1348,85.088,-284.213,4
1349,101.469,-278.784,4
1350,117.507,-272.413,4
1351,133.148,-265.12,4
1352,148.338,-256.929,4
1353,163.026,-247.869,4
1354,177.163,-237.971,4
1355,190.7,-227.267,4
1356,203.592,-215.794,4
1357,215.794,-203.592,4
1358,227.267,-190.7,4
1359,237.971,-177.163,4
1360,247.869,-163.026,4
1361,256.929,-148.338,4
1362,265.12,-133.148,4
1363,272.413,-117.507,4
1364,278.784,-101.469,4
1365,284.213,-85.088,4
1366,288.679,-68.418,4
1367,292.169,-51.517,4
1368,294.67,-34.442,4
1369,296.174,-17.25,4
1370,296.676,0,4
1371,310.046,8.472,4
1372,309.12,25.391,4
1373,307.273,42.234,4
1374,304.508,58.951,4
1375,300.834,75.492,4
1376,296.263,91.807,4
1377,290.807,107.849,4
1378,284.484,123.569,4
1379,277.311,138.92,4
1380,269.311,153.856,4
1381,260.507,168.333,4
1382,250.926,182.308,4
1383,240.596,195.739,4
1384,229.548,208.586,4
1385,217.814,220.81,4
1386,205.431,232.375,4
1387,192.435,243.247,4
1388,178.864,253.393,4
1389,164.76,262.782,4
1390,150.163,271.387,4
1391,135.119,279.183,4
1392,119.671,286.145,4
1393,103.867,292.253,4
1394,87.752,297.489,4
1395,71.375,301.837,4
1396,54.786,305.285,4
1397,38.033,307.821,4
1398,21.166,309.438,4
1399,4.236,310.133,4
1400,-12.706,309.901,4
1401,-29.611,308.745,4
1402,-46.427,306.667,4
1403,-63.104,303.674,4
1404,-79.593,299.775,4
1405,-95.845,294.981,4
1406,-111.811,289.307,4
1407,-127.443,282.769,4
1408,-142.694,275.388,4
1409,-157.52,267.184,4
1410,-171.876,258.184,4
1411,-185.719,248.412,4
1412,-199.007,237.9,4
1413,-211.702,226.677,4
1414,-223.764,214.778,4
1415,-235.159,202.238,4
1416,-245.853,189.094,4
1417,-255.812,175.386,4
1418,-265.008,161.155,4
1419,-273.413,146.443,4
1420,-281.002,131.293,4
1421,-287.753,115.752,4
1422,-293.644,99.865,4
1423,-298.66,83.681,4
1424,-302.784,67.246,4
1425,-306.004,50.611,4
1426,-308.312,33.825,4
1427,-309.699,16.938,4
1428,-310.161,0,4
1429,-309.699,-16.938,4
1430,-308.312,-33.825,4
1431,-306.004,-50.611,4
1432,-302.784,-67.246,4
1433,-298.66,-83.681,4
1434,-293.644,-99.865,4
1435,-287.753,-115.752,4
1436,-281.002,-131.293,4
1437,-273.413,-146.443,4
1438,-265.008,-161.155,4
1439,-255.812,-175.386,4
1440,-245.853,-189.094,4
1441,-235.159,-202.238,4
1442,-223.764,-214.778,4
1443,-211.702,-226.677,4
1444,-199.007,-237.9,4
1445,-185.719,-248.412,4
1446,-171.876,-258.184,4
1447,-157.52,-267.184,4
1448,-142.694,-275.388,4
1449,-127.443,-282.769,4
1450,-111.811,-289.307,4
1451,-95.845,-294.981,4
1452,-79.593,-299.775,4
1453,-63.104,-303.674,4
1454,-46.427,-306.667,4
1455,-29.611,-308.745,4
1456,-12.706,-309.901,4
1457,4.236,-310.133,4
1458,21.166,-309.438,4
1459,38.033,-307.821,4
1460,54.786,-305.285,4
1461,71.375,-301.837,4
1462,87.752,-297.489,4
1463,103.867,-292.253,4
1464,119.671,-286.145,4
1465,135.119,-279.183,4
1466,150.163,-271.387,4
1467,164.76,-262.782,4
1468,178.864,-253.393,4
1469,192.435,-243.247,4
1470,205.431,-232.375,4
1471,217.814,-220.81,4
1472,229.548,-208.586,4
1473,240.596,-195.739,4
1474,250.926,-182.308,4
1475,260.507,-168.333,4
1476,269.311,-153.856,4
1477,277.311,-138.92,4
1478,284.484,-123.569,4
1479,290.807,-107.849,4
1480,296.263,-91.807,4
1481,300.834,-75.492,4
1482,304.508,-58.951,4
1483,307.273,-42.234,4
1484,309.12,-25.391,4
1485,310.046,-8.472,4
1486,323.275,15.517,4
1487,322.159,30.999,4
1488,320.302,46.409,4
1489,317.709,61.712,4
1490,314.385,76.874,4
1491,310.337,91.859,4
1492,305.576,106.632,4
1493,300.112,121.16,4
1494,293.958,135.41,4
1495,287.128,149.348,4
1496,279.637,162.942,4
1497,271.503,176.162,4
1498,262.745,188.977,4
1499,253.383,201.357,4
1500,243.437,213.274,4
1501,232.932,224.7,4
1502,221.891,235.609,4
1503,210.339,245.977,4
1504,198.304,255.779,4
1505,185.813,264.992,4
1506,172.894,273.596,4
1507,159.578,281.571,4
1508,145.894,288.898,4
1509,131.875,295.561,4
1510,117.553,301.544,4
1511,102.96,306.833,4
1512,88.131,311.416,4
1513,73.099,315.284,4
1514,57.898,318.426,4
1515,42.565,320.836,4
1516,27.134,322.507,4
1517,11.64,323.437,4
1518,-3.881,323.623,4
1519,-19.392,323.065,4
1520,-34.859,321.764,4
1521,-50.246,319.723,4
1522,-65.517,316.946,4
1523,-80.638,313.44,4
1524,-95.573,309.214,4
1525,-110.288,304.276,4
1526,-124.75,298.638,4
1527,-138.925,292.313,4
1528,-152.78,285.317,4
1529,-166.284,277.663,4
1530,-179.405,269.372,4
1531,-192.114,260.46,4
1532,-204.38,250.95,4
1533,-216.177,240.862,4
1534,-227.477,230.221,4
1535,-238.253,219.05,4
1536,-248.481,207.375,4
1537,-258.138,195.223,4
1538,-267.201,182.622,4
1539,-275.65,169.601,4
1540,-283.464,156.19,4
1541,-290.627,142.42,4
1542,-297.121,128.322,4
1543,-302.931,113.929,4
1544,-308.045,99.274,4
1545,-312.451,84.391,4
1546,-316.137,69.313,4
1547,-319.097,54.076,4
1548,-321.323,38.715,4
1549,-322.81,23.265,4
1550,-323.554,7.761,4
1551,-323.554,-7.761,4
1552,-322.81,-23.265,4
1553,-321.323,-38.715,4
1554,-319.097,-54.076,4
1555,-316.137,-69.313,4
1556,-312.451,-84.391,4
1557,-308.045,-99.274,4
1558,-302.931,-113.929,4
1559,-297.121,-128.322,4
1560,-290.627,-142.42,4
1561,-283.464,-156.19,4
1562,-275.65,-169.601,4
1563,-267.201,-182.622,4
1564,-258.138,-195.223,4
1565,-248.481,-207.375,4
1566,-238.253,-219.05,4
1567,-227.477,-230.221,4
1568,-216.177,-240.862,4
1569,-204.38,-250.95,4
1570,-192.114,-260.46,4
1571,-179.405,-269.372,4
1572,-166.284,-277.663,4
1573,-152.78,-285.317,4
1574,-138.925,-292.313,4
1575,-124.75,-298.638,4
1576,-110.288,-304.276,4
1577,-95.573,-309.214,4
1578,-80.638,-313.44,4
1579,-65.517,-316.946,4
1580,-50.246,-319.723,4
1581,-34.859,-321.764,4
1582,-19.392,-323.065,4
1583,-3.881,-323.623,4
1584,11.64,-323.437,4
1585,27.134,-322.507,4
1586,42.565,-320.836,4
1587,57.898,-318.426,4
1588,73.099,-315.284,4
1589,88.131,-311.416,4
1590,102.96,-306.833,4
1591,117.553,-301.544,4
1592,131.875,-295.561,4
1593,145.894,-288.898,4
1594,159.578,-281.571,4
1595,172.894,-273.596,4
1596,185.813,-264.992,4
1597,198.304,-255.779,4
1598,210.339,-245.977,4
1599,221.891,-235.609,4
1600,232.932,-224.7,4
1601,243.437,-213.274,4
1602,253.383,-201.357,4
1603,262.745,-188.977,4
1604,271.503,-176.162,4
1605,279.637,-162.942,4
1606,287.128,-149.348,4
1607,293.958,-135.41,4
1608,300.112,-121.16,4
1609,305.576,-106.632,4
1610,310.337,-91.859,4
1611,314.385,-76.874,4
1612,317.709,-61.712,4
1613,320.302,-46.409,4
1614,322.159,-30.999,4
1615,323.275,-15.517,4
1616,323.647,0,4
1617,337.032,8.21,4
1618,336.233,24.609,4
1619,334.636,40.95,4
1620,332.245,57.194,4
1621,329.066,73.303,4
1622,325.107,89.237,4
1623,320.377,104.96,4
1624,314.887,120.434,4
1625,308.65,135.622,4
1626,301.681,150.489,4
1627,293.996,164.998,4
1628,285.614,179.117,4
1629,276.554,192.81,4
1630,266.839,206.046,4
1631,256.49,218.794,4
1632,245.534,231.022,4
1633,233.995,242.703,4
1634,221.901,253.807,4
1635,209.28,264.31,4
1636,196.163,274.186,4
1637,182.581,283.412,4
1638,168.566,291.965,4
1639,154.151,299.826,4
1640,139.37,306.975,4
1641,124.259,313.397,4
1642,108.853,319.075,4
1643,93.189,323.997,4
1644,77.304,328.149,4
1645,61.236,331.524,4
1646,45.022,334.112,4
1647,28.701,335.908,4
1648,12.313,336.907,4
1649,-4.105,337.107,4
1650,-20.513,336.507,4
1651,-36.873,335.11,4
1652,-53.144,332.917,4
1653,-69.29,329.935,4
1654,-85.272,326.17,4
1655,-101.051,321.631,4
1656,-116.591,316.33,4
1657,-131.854,310.278,4
1658,-146.804,303.491,4
1659,-161.406,295.983,4
1660,-175.626,287.774,4
1661,-189.428,278.881,4
1662,-202.782,269.328,4
1663,-215.654,259.136,4
1664,-228.015,248.329,4
1665,-239.835,236.933,4
1666,-251.087,224.975,4
1667,-261.742,212.483,4
1668,-271.777,199.487,4
1669,-281.167,186.019,4
1670,-289.891,172.109,4
1671,-297.926,157.79,4
1672,-305.256,143.098,4
1673,-311.861,128.066,4
1674,-317.726,112.73,4
1675,-322.838,97.127,4
1676,-327.184,81.294,4
1677,-330.754,65.268,4
1678,-333.539,49.087,4
1679,-335.534,32.789,4
1680,-336.732,16.414,4
1681,-337.132,0,4
1682,-336.732,-16.414,4
1683,-335.534,-32.789,4
1684,-333.539,-49.087,4
1685,-330.754,-65.268,4
1686,-327.184,-81.294,4
1687,-322.838,-97.127,4
1688,-317.726,-112.73,4
1689,-311.861,-128.066,4
1690,-305.256,-143.098,4
1691,-297.926,-157.79,4
1692,-289.891,-172.109,4
1693,-281.167,-186.019,4
1694,-271.777,-199.487,4
1695,-261.742,-212.483,4
1696,-251.087,-224.975,4
1697,-239.835,-236.933,4
1698,-228.015,-248.329,4
1699,-215.654,-259.136,4
1700,-202.782,-269.328,4
1701,-189.428,-278.881,4
1702,-175.626,-287.774,4
1703,-161.406,-295.983,4
1704,-146.804,-303.491,4
1705,-131.854,-310.278,4
1706,-116.591,-316.33,4
1707,-101.051,-321.631,4
1708,-85.272,-326.17,4
1709,-69.29,-329.935,4
1710,-53.144,-332.917,4
1711,-36.873,-335.11,4
1712,-20.513,-336.507,4
1713,-4.105,-337.107,4
1714,12.313,-336.907,4
1715,28.701,-335.908,4
1716,45.022,-334.112,4
1717,61.236,-331.524,4
1718,77.304,-328.149,4
1719,93.189,-323.997,4
1720,108.853,-319.075,4
1721,124.259,-313.397,4
1722,139.37,-306.975,4
1723,154.151,-299.826,4
1724,168.566,-291.965,4
1725,182.581,-283.412,4
1726,196.163,-274.186,4
1727,209.28,-264.31,4
1728,221.901,-253.807,4
1729,233.995,-242.703,4
1730,245.534,-231.022,4
1731,256.49,-218.794,4
1732,266.839,-206.046,4
1733,276.554,-192.81,4
1734,285.614,-179.117,4
1735,293.996,-164.998,4
1736,301.681,-150.489,4
1737,308.65,-135.622,4
1738,314.887,-120.434,4
1739,320.377,-104.96,4
1740,325.107,-89.237,4
1741,329.066,-73.303,4
1742,332.245,-57.194,4
1743,334.636,-40.95,4
1744,336.233,-24.609,4
1745,337.032,-8.21,4
