月份,平均光学效率,平均余弦效率,平均阴影遮挡效率,平均截断效率,单位面积镜面平均输出热功率(kW/m^2)
1,0.4228138257939264,0.7457507386872446,0.7184636118078872,0.9374945235599729,0.3692683897951837
2,0.45982142319362407,0.7607643055267072,0.7654966004134393,0.9252655803879677,0.4336738146542244
3,0.4766173926252506,0.7748922488897596,0.7795144557887651,0.9159032399533917,0.47405557929311276
4,0.4873382747937508,0.7857757926940981,0.7808987128658,0.9131226812627565,0.5015278993877568
5,0.49353313221226136,0.7904288683111238,0.7818788189215404,0.9125891572864587,0.5156728782778311
6,0.49548383206691965,0.791450528779657,0.7823131889716561,0.9127859650413089,0.5199102072676612
7,0.4934461322441689,0.790388957739866,0.7818416263651163,0.912624954706604,0.5155048511446303
8,0.4870322006451211,0.7853995057664769,0.7808779276870413,0.9133378108067023,0.5006364556164609
9,0.47605609165285,0.7742114102697459,0.779319471088154,0.9163402007232037,0.4724206484752876
10,0.45624101742822426,0.7589034621071953,0.7612586582164368,0.9266388536388472,0.4268018963012595
11,0.41854452246753526,0.7444423147369194,0.7130059455412311,0.9382681855721404,0.3625964071362461
12,0.39927987235355433,0.7390463715189447,0.6881909080863469,0.9406060961625263,0.33351119733927415
