month,eta_sb,eta_cos,eta_at,eta_trunc,eta_total,unit_area_power_kw_m2,field_power_mw
1,0.7184636118078872,0.7457507386872446,0.9640583041630449,0.9374945235599729,0.4228138257939264,0.3692683897951837,49.09501534599472
2,0.7654966004134393,0.7607643055267072,0.9640583041630449,0.9252655803879677,0.45982142319362407,0.4336738146542244,57.65785313336589
3,0.7795144557887651,0.7748922488897596,0.9640583041630449,0.9159032399533917,0.4766173926252506,0.47405557929311276,63.02669435951092
4,0.7808987128658,0.7857757926940981,0.9640583041630449,0.9131226812627565,0.4873382747937508,0.5015278993877568,66.67919756289835
5,0.7818788189215404,0.7904288683111238,0.9640583041630449,0.9125891572864587,0.49353313221226136,0.5156728782778311,68.55980249651358
6,0.7823131889716561,0.791450528779657,0.9640583041630449,0.9127859650413089,0.49548383206691965,0.5199102072676612,69.1231643696951
7,0.7818416263651163,0.790388957739866,0.9640583041630449,0.912624954706604,0.4934461322441689,0.5155048511446303,68.53746293290344
8,0.7808779276870413,0.7853995057664769,0.9640583041630449,0.9133378108067023,0.4870322006451211,0.5006364556164609,66.56067822346574
9,0.779319471088154,0.7742114102697459,0.9640583041630449,0.9163402007232037,0.47605609165285,0.4724206484752876,62.80932684090126
10,0.7612586582164368,0.7589034621071953,0.9640583041630449,0.9266388536388472,0.45624101742822426,0.4268018963012595,56.74421701850006
11,0.7130059455412311,0.7444423147369194,0.9640583041630449,0.9382681855721404,0.41854452246753526,0.3625964071362461,48.2079611055534
12,0.6881909080863469,0.7390463715189447,0.9640583041630449,0.9406060961625263,0.39927987235355433,0.33351119733927415,44.34102079659323
